"HITId","HITTypeId","Title","Description","Keywords","Reward","CreationTime","MaxAssignments","RequesterAnnotation","AssignmentDurationInSeconds","AutoApprovalDelayInSeconds","Expiration","NumberOfSimilarHITs","LifetimeInSeconds","AssignmentId","WorkerId","AssignmentStatus","AcceptTime","SubmitTime","AutoApprovalTime","ApprovalTime","RejectionTime","RequesterFeedback","WorkTimeInSeconds","LifetimeApprovalRate","Last30DaysApprovalRate","Last7DaysApprovalRate","Input.image_url","Answer.image-contains.label","Approve","Reject"
"3WGZLY9VCHML5OJMYGADYHKR8KUD8S","3EETFKUFDZ6EPMMCQZDLMIKBY6WF6K","Does this image show a wedding?","Does this image depict a wedding?  We are interested in both Indian weddings and Western-style weddings.","image, classification, wedding","$0.01","Tue Feb 19 12:10:14 PST 2019","3","BatchId:3537650;OriginalHitTemplateId:928390875;","3600","259200","Tue Feb 26 12:10:14 PST 2019","","","3TPWUS5F891OCH6JMP09GB1JEY9CWR","A1ZW8SS09KXKK8","Submitted","Tue Feb 19 12:11:58 PST 2019","Tue Feb 19 12:12:05 PST 2019","Fri Feb 22 12:12:05 PST 2019","","","","7","0% (0/0)","0% (0/0)","0% (0/0)","https://s3.amazonaws.com/nets213-hw5/weddings-indian-languages/gujarati/7267/01.jpg","Yes"
"3WGZLY9VCHML5OJMYGADYHKR8KUD8S","3EETFKUFDZ6EPMMCQZDLMIKBY6WF6K","Does this image show a wedding?","Does this image depict a wedding?  We are interested in both Indian weddings and Western-style weddings.","image, classification, wedding","$0.01","Tue Feb 19 12:10:14 PST 2019","3","BatchId:3537650;OriginalHitTemplateId:928390875;","3600","259200","Tue Feb 26 12:10:14 PST 2019","","","3YMTUJH0DSGTPWPAY5PGATIWIRA4TG","A3PABOW1OQ9MX1","Submitted","Tue Feb 19 12:12:48 PST 2019","Tue Feb 19 12:14:54 PST 2019","Fri Feb 22 12:14:54 PST 2019","","","","126","0% (0/0)","0% (0/0)","0% (0/0)","https://s3.amazonaws.com/nets213-hw5/weddings-indian-languages/gujarati/7267/01.jpg","Yes"
"3WGZLY9VCHML5OJMYGADYHKR8KUD8S","3EETFKUFDZ6EPMMCQZDLMIKBY6WF6K","Does this image show a wedding?","Does this image depict a wedding?  We are interested in both Indian weddings and Western-style weddings.","image, classification, wedding","$0.01","Tue Feb 19 12:10:14 PST 2019","3","BatchId:3537650;OriginalHitTemplateId:928390875;","3600","259200","Tue Feb 26 12:10:14 PST 2019","","","3Z4GS9HPNVA3ALAMN0KM89AOKW977R","AQWV4866H1PFQ","Submitted","Tue Feb 19 12:11:31 PST 2019","Tue Feb 19 12:11:41 PST 2019","Fri Feb 22 12:11:41 PST 2019","","","","10","100% (2/2)","0% (0/0)","0% (0/0)","https://s3.amazonaws.com/nets213-hw5/weddings-indian-languages/gujarati/7267/01.jpg","Yes"
"30UZJB2POHC40EYN7TXY9OOOFH453K","3EETFKUFDZ6EPMMCQZDLMIKBY6WF6K","Does this image show a wedding?","Does this image depict a wedding?  We are interested in both Indian weddings and Western-style weddings.","image, classification, wedding","$0.01","Tue Feb 19 12:10:14 PST 2019","3","BatchId:3537650;OriginalHitTemplateId:928390875;","3600","259200","Tue Feb 26 12:10:14 PST 2019","","","3NPFYT4IZC4GITREYGSE8L05LS7GXY","A1BIZVZ6ZQPPQP","Submitted","Tue Feb 19 12:11:13 PST 2019","Tue Feb 19 12:11:25 PST 2019","Fri Feb 22 12:11:25 PST 2019","","","","12","100% (1/1)","0% (0/0)","0% (0/0)","https://s3.amazonaws.com/nets213-hw5/weddings-indian-languages/gujarati/7268/01.jpg","No"
"30UZJB2POHC40EYN7TXY9OOOFH453K","3EETFKUFDZ6EPMMCQZDLMIKBY6WF6K","Does this image show a wedding?","Does this image depict a wedding?  We are interested in both Indian weddings and Western-style weddings.","image, classification, wedding","$0.01","Tue Feb 19 12:10:14 PST 2019","3","BatchId:3537650;OriginalHitTemplateId:928390875;","3600","259200","Tue Feb 26 12:10:14 PST 2019","","","3OUYGIZWR7YEYGE2YNTUTGRMCC9P0G","A1ZW8SS09KXKK8","Submitted","Tue Feb 19 12:11:30 PST 2019","Tue Feb 19 12:11:45 PST 2019","Fri Feb 22 12:11:45 PST 2019","","","","15","0% (0/0)","0% (0/0)","0% (0/0)","https://s3.amazonaws.com/nets213-hw5/weddings-indian-languages/gujarati/7268/01.jpg","No"
"30UZJB2POHC40EYN7TXY9OOOFH453K","3EETFKUFDZ6EPMMCQZDLMIKBY6WF6K","Does this image show a wedding?","Does this image depict a wedding?  We are interested in both Indian weddings and Western-style weddings.","image, classification, wedding","$0.01","Tue Feb 19 12:10:14 PST 2019","3","BatchId:3537650;OriginalHitTemplateId:928390875;","3600","259200","Tue Feb 26 12:10:14 PST 2019","","","3WT783CTPBHWOE88RY4DTXOY4XRCBB","A3PABOW1OQ9MX1","Submitted","Tue Feb 19 12:12:49 PST 2019","Tue Feb 19 12:15:07 PST 2019","Fri Feb 22 12:15:07 PST 2019","","","","138","0% (0/0)","0% (0/0)","0% (0/0)","https://s3.amazonaws.com/nets213-hw5/weddings-indian-languages/gujarati/7268/01.jpg","No"
"3INZSNUD80QLJT2W38GRYDF2SQCD9H","3EETFKUFDZ6EPMMCQZDLMIKBY6WF6K","Does this image show a wedding?","Does this image depict a wedding?  We are interested in both Indian weddings and Western-style weddings.","image, classification, wedding","$0.01","Tue Feb 19 12:10:14 PST 2019","3","BatchId:3537650;OriginalHitTemplateId:928390875;","3600","259200","Tue Feb 26 12:10:14 PST 2019","","","36PW28KO4ZW622NUHBACOA4V7RJAE7","A3PABOW1OQ9MX1","Submitted","Tue Feb 19 12:12:16 PST 2019","Tue Feb 19 12:13:41 PST 2019","Fri Feb 22 12:13:41 PST 2019","","","","85","0% (0/0)","0% (0/0)","0% (0/0)","https://s3.amazonaws.com/nets213-hw5/weddings-indian-languages/gujarati/7266/01.jpg","Yes"
"3INZSNUD80QLJT2W38GRYDF2SQCD9H","3EETFKUFDZ6EPMMCQZDLMIKBY6WF6K","Does this image show a wedding?","Does this image depict a wedding?  We are interested in both Indian weddings and Western-style weddings.","image, classification, wedding","$0.01","Tue Feb 19 12:10:14 PST 2019","3","BatchId:3537650;OriginalHitTemplateId:928390875;","3600","259200","Tue Feb 26 12:10:14 PST 2019","","","3A0EX8ZRN8O9RH9DNQM2QOGH7L9BYI","A2EO6IBGQEOMLB","Submitted","Tue Feb 19 12:11:09 PST 2019","Tue Feb 19 12:11:24 PST 2019","Fri Feb 22 12:11:24 PST 2019","","","","15","100% (1/1)","0% (0/0)","0% (0/0)","https://s3.amazonaws.com/nets213-hw5/weddings-indian-languages/gujarati/7266/01.jpg","Yes"
"3INZSNUD80QLJT2W38GRYDF2SQCD9H","3EETFKUFDZ6EPMMCQZDLMIKBY6WF6K","Does this image show a wedding?","Does this image depict a wedding?  We are interested in both Indian weddings and Western-style weddings.","image, classification, wedding","$0.01","Tue Feb 19 12:10:14 PST 2019","3","BatchId:3537650;OriginalHitTemplateId:928390875;","3600","259200","Tue Feb 26 12:10:14 PST 2019","","","3WYGZ5XF3WFDOY1YUX7675B6DUMKSX","ATE8OIQFEVD0T","Submitted","Tue Feb 19 12:12:22 PST 2019","Tue Feb 19 12:12:35 PST 2019","Fri Feb 22 12:12:35 PST 2019","","","","13","0% (0/0)","0% (0/0)","0% (0/0)","https://s3.amazonaws.com/nets213-hw5/weddings-indian-languages/gujarati/7266/01.jpg","Yes"
"3G57RS03HH5FFW243TJTQEJW934529","3EETFKUFDZ6EPMMCQZDLMIKBY6WF6K","Does this image show a wedding?","Does this image depict a wedding?  We are interested in both Indian weddings and Western-style weddings.","image, classification, wedding","$0.01","Tue Feb 19 12:10:14 PST 2019","3","BatchId:3537650;OriginalHitTemplateId:928390875;","3600","259200","Tue Feb 26 12:10:14 PST 2019","","","34S6N1K2ZVJZIV504378IRHJTJAHLC","AT9U8SRUUFLHG","Submitted","Tue Feb 19 12:11:58 PST 2019","Tue Feb 19 12:12:09 PST 2019","Fri Feb 22 12:12:09 PST 2019","","","","11","0% (0/0)","0% (0/0)","0% (0/0)","https://s3.amazonaws.com/nets213-hw5/weddings-indian-languages/gujarati/7948/01.jpg","Yes"
"3G57RS03HH5FFW243TJTQEJW934529","3EETFKUFDZ6EPMMCQZDLMIKBY6WF6K","Does this image show a wedding?","Does this image depict a wedding?  We are interested in both Indian weddings and Western-style weddings.","image, classification, wedding","$0.01","Tue Feb 19 12:10:14 PST 2019","3","BatchId:3537650;OriginalHitTemplateId:928390875;","3600","259200","Tue Feb 26 12:10:14 PST 2019","","","3FTF2T8WLRIMEJZGA5QIEL0B8D69W7","AQWV4866H1PFQ","Submitted","Tue Feb 19 12:11:42 PST 2019","Tue Feb 19 12:11:53 PST 2019","Fri Feb 22 12:11:53 PST 2019","","","","11","100% (2/2)","0% (0/0)","0% (0/0)","https://s3.amazonaws.com/nets213-hw5/weddings-indian-languages/gujarati/7948/01.jpg","No"
"3G57RS03HH5FFW243TJTQEJW934529","3EETFKUFDZ6EPMMCQZDLMIKBY6WF6K","Does this image show a wedding?","Does this image depict a wedding?  We are interested in both Indian weddings and Western-style weddings.","image, classification, wedding","$0.01","Tue Feb 19 12:10:14 PST 2019","3","BatchId:3537650;OriginalHitTemplateId:928390875;","3600","259200","Tue Feb 26 12:10:14 PST 2019","","","3KRVW3HTZNL8EM11F9KMMI3A2ZHMS4","A1ZW8SS09KXKK8","Submitted","Tue Feb 19 12:11:18 PST 2019","Tue Feb 19 12:11:29 PST 2019","Fri Feb 22 12:11:29 PST 2019","","","","11","0% (0/0)","0% (0/0)","0% (0/0)","https://s3.amazonaws.com/nets213-hw5/weddings-indian-languages/gujarati/7948/01.jpg","Yes"
"3IKDQS3DQE04P2PL76RTR0WNQGNIC5","3EETFKUFDZ6EPMMCQZDLMIKBY6WF6K","Does this image show a wedding?","Does this image depict a wedding?  We are interested in both Indian weddings and Western-style weddings.","image, classification, wedding","$0.01","Tue Feb 19 12:10:14 PST 2019","3","BatchId:3537650;OriginalHitTemplateId:928390875;","3600","259200","Tue Feb 26 12:10:14 PST 2019","","","308Q0PEVB8D4DOFBLOM3DUR3T289I0","ATE8OIQFEVD0T","Submitted","Tue Feb 19 12:11:09 PST 2019","Tue Feb 19 12:12:06 PST 2019","Fri Feb 22 12:12:06 PST 2019","","","","57","0% (0/0)","0% (0/0)","0% (0/0)","https://s3.amazonaws.com/nets213-hw5/weddings-indian-languages/malayalam/8574/01.jpg","No"
"3IKDQS3DQE04P2PL76RTR0WNQGNIC5","3EETFKUFDZ6EPMMCQZDLMIKBY6WF6K","Does this image show a wedding?","Does this image depict a wedding?  We are interested in both Indian weddings and Western-style weddings.","image, classification, wedding","$0.01","Tue Feb 19 12:10:14 PST 2019","3","BatchId:3537650;OriginalHitTemplateId:928390875;","3600","259200","Tue Feb 26 12:10:14 PST 2019","","","30H4UDGLT2IB1UL9NSGSRDYZFFAMPO","AT9U8SRUUFLHG","Submitted","Tue Feb 19 12:11:11 PST 2019","Tue Feb 19 12:11:36 PST 2019","Fri Feb 22 12:11:36 PST 2019","","","","25","0% (0/0)","0% (0/0)","0% (0/0)","https://s3.amazonaws.com/nets213-hw5/weddings-indian-languages/malayalam/8574/01.jpg","No"
"3IKDQS3DQE04P2PL76RTR0WNQGNIC5","3EETFKUFDZ6EPMMCQZDLMIKBY6WF6K","Does this image show a wedding?","Does this image depict a wedding?  We are interested in both Indian weddings and Western-style weddings.","image, classification, wedding","$0.01","Tue Feb 19 12:10:14 PST 2019","3","BatchId:3537650;OriginalHitTemplateId:928390875;","3600","259200","Tue Feb 26 12:10:14 PST 2019","","","32SVAV9L3F93S47XSRTG5J0YG2TA3G","AQWV4866H1PFQ","Submitted","Tue Feb 19 12:11:54 PST 2019","Tue Feb 19 12:12:05 PST 2019","Fri Feb 22 12:12:05 PST 2019","","","","11","100% (2/2)","0% (0/0)","0% (0/0)","https://s3.amazonaws.com/nets213-hw5/weddings-indian-languages/malayalam/8574/01.jpg","No"
"3PN6H8C9R4QZOCC1VEURU8QMY8UDAW","3EETFKUFDZ6EPMMCQZDLMIKBY6WF6K","Does this image show a wedding?","Does this image depict a wedding?  We are interested in both Indian weddings and Western-style weddings.","image, classification, wedding","$0.01","Tue Feb 19 12:10:14 PST 2019","3","BatchId:3537650;OriginalHitTemplateId:928390875;","3600","259200","Tue Feb 26 12:10:14 PST 2019","","","30H4UDGLT2IB1UL9NSGSRDYZFFAPMR","AQWV4866H1PFQ","Submitted","Tue Feb 19 12:12:21 PST 2019","Tue Feb 19 12:13:13 PST 2019","Fri Feb 22 12:13:13 PST 2019","","","","52","100% (2/2)","0% (0/0)","0% (0/0)","https://s3.amazonaws.com/nets213-hw5/weddings-indian-languages/malayalam/8573/01.jpg","Yes"
"3PN6H8C9R4QZOCC1VEURU8QMY8UDAW","3EETFKUFDZ6EPMMCQZDLMIKBY6WF6K","Does this image show a wedding?","Does this image depict a wedding?  We are interested in both Indian weddings and Western-style weddings.","image, classification, wedding","$0.01","Tue Feb 19 12:10:14 PST 2019","3","BatchId:3537650;OriginalHitTemplateId:928390875;","3600","259200","Tue Feb 26 12:10:14 PST 2019","","","3COPXFW7XBCGB6L62G3CC06VQAFPKM","A2EO6IBGQEOMLB","Submitted","Tue Feb 19 12:12:19 PST 2019","Tue Feb 19 12:12:23 PST 2019","Fri Feb 22 12:12:23 PST 2019","","","","4","100% (1/1)","0% (0/0)","0% (0/0)","https://s3.amazonaws.com/nets213-hw5/weddings-indian-languages/malayalam/8573/01.jpg","Yes"
"3PN6H8C9R4QZOCC1VEURU8QMY8UDAW","3EETFKUFDZ6EPMMCQZDLMIKBY6WF6K","Does this image show a wedding?","Does this image depict a wedding?  We are interested in both Indian weddings and Western-style weddings.","image, classification, wedding","$0.01","Tue Feb 19 12:10:14 PST 2019","3","BatchId:3537650;OriginalHitTemplateId:928390875;","3600","259200","Tue Feb 26 12:10:14 PST 2019","","","3NGMS9VZTLIT474YN2GAKT0MG8BFF7","A3PABOW1OQ9MX1","Submitted","Tue Feb 19 12:12:16 PST 2019","Tue Feb 19 12:13:51 PST 2019","Fri Feb 22 12:13:51 PST 2019","","","","95","0% (0/0)","0% (0/0)","0% (0/0)","https://s3.amazonaws.com/nets213-hw5/weddings-indian-languages/malayalam/8573/01.jpg","Yes"
"3PA41K45VN4QU7HTTK92KB5LBJR7PD","3EETFKUFDZ6EPMMCQZDLMIKBY6WF6K","Does this image show a wedding?","Does this image depict a wedding?  We are interested in both Indian weddings and Western-style weddings.","image, classification, wedding","$0.01","Tue Feb 19 12:10:14 PST 2019","3","BatchId:3537650;OriginalHitTemplateId:928390875;","3600","259200","Tue Feb 26 12:10:14 PST 2019","","","3EJPLAJKEMG3QV2NNL7DTF3RZE26ZJ","A2EO6IBGQEOMLB","Submitted","Tue Feb 19 12:12:40 PST 2019","Tue Feb 19 12:12:46 PST 2019","Fri Feb 22 12:12:46 PST 2019","","","","6","100% (1/1)","0% (0/0)","0% (0/0)","https://s3.amazonaws.com/nets213-hw5/weddings-indian-languages/malayalam/8572/01.jpg","Yes"
"3PA41K45VN4QU7HTTK92KB5LBJR7PD","3EETFKUFDZ6EPMMCQZDLMIKBY6WF6K","Does this image show a wedding?","Does this image depict a wedding?  We are interested in both Indian weddings and Western-style weddings.","image, classification, wedding","$0.01","Tue Feb 19 12:10:14 PST 2019","3","BatchId:3537650;OriginalHitTemplateId:928390875;","3600","259200","Tue Feb 26 12:10:14 PST 2019","","","3WAKVUDHUWG58WMI08DXI1O8S777UU","A3PABOW1OQ9MX1","Submitted","Tue Feb 19 12:12:14 PST 2019","Tue Feb 19 12:13:30 PST 2019","Fri Feb 22 12:13:30 PST 2019","","","","76","0% (0/0)","0% (0/0)","0% (0/0)","https://s3.amazonaws.com/nets213-hw5/weddings-indian-languages/malayalam/8572/01.jpg","Yes"
"3PA41K45VN4QU7HTTK92KB5LBJR7PD","3EETFKUFDZ6EPMMCQZDLMIKBY6WF6K","Does this image show a wedding?","Does this image depict a wedding?  We are interested in both Indian weddings and Western-style weddings.","image, classification, wedding","$0.01","Tue Feb 19 12:10:14 PST 2019","3","BatchId:3537650;OriginalHitTemplateId:928390875;","3600","259200","Tue Feb 26 12:10:14 PST 2019","","","3YMU66OBIN8JW3RZTCAS5ZCBX2OHG6","A1BIZVZ6ZQPPQP","Submitted","Tue Feb 19 12:11:45 PST 2019","Tue Feb 19 12:11:57 PST 2019","Fri Feb 22 12:11:57 PST 2019","","","","12","100% (1/1)","0% (0/0)","0% (0/0)","https://s3.amazonaws.com/nets213-hw5/weddings-indian-languages/malayalam/8572/01.jpg","Yes"
"3PCPFX4U40QO9CXEBGM3888CE3WFQG","3EETFKUFDZ6EPMMCQZDLMIKBY6WF6K","Does this image show a wedding?","Does this image depict a wedding?  We are interested in both Indian weddings and Western-style weddings.","image, classification, wedding","$0.01","Tue Feb 19 12:10:14 PST 2019","3","BatchId:3537650;OriginalHitTemplateId:928390875;","3600","259200","Tue Feb 26 12:10:14 PST 2019","","","30OG32W0SUBDMLHJQFFHAGOV6YINE4","AT9U8SRUUFLHG","Submitted","Tue Feb 19 12:12:20 PST 2019","Tue Feb 19 12:12:31 PST 2019","Fri Feb 22 12:12:31 PST 2019","","","","11","0% (0/0)","0% (0/0)","0% (0/0)","https://s3.amazonaws.com/nets213-hw5/weddings-indian-languages/malayalam/2320/01.jpg","Yes"
"3PCPFX4U40QO9CXEBGM3888CE3WFQG","3EETFKUFDZ6EPMMCQZDLMIKBY6WF6K","Does this image show a wedding?","Does this image depict a wedding?  We are interested in both Indian weddings and Western-style weddings.","image, classification, wedding","$0.01","Tue Feb 19 12:10:14 PST 2019","3","BatchId:3537650;OriginalHitTemplateId:928390875;","3600","259200","Tue Feb 26 12:10:14 PST 2019","","","3VHHR074H3H2P6ZORULWRESPFGE7L0","A2EO6IBGQEOMLB","Submitted","Tue Feb 19 12:12:03 PST 2019","Tue Feb 19 12:12:09 PST 2019","Fri Feb 22 12:12:09 PST 2019","","","","6","100% (1/1)","0% (0/0)","0% (0/0)","https://s3.amazonaws.com/nets213-hw5/weddings-indian-languages/malayalam/2320/01.jpg","Yes"
"3PCPFX4U40QO9CXEBGM3888CE3WFQG","3EETFKUFDZ6EPMMCQZDLMIKBY6WF6K","Does this image show a wedding?","Does this image depict a wedding?  We are interested in both Indian weddings and Western-style weddings.","image, classification, wedding","$0.01","Tue Feb 19 12:10:14 PST 2019","3","BatchId:3537650;OriginalHitTemplateId:928390875;","3600","259200","Tue Feb 26 12:10:14 PST 2019","","","3VHP9MDGRNKM1VKOW0Q9CNFJJVJCFT","A1BIZVZ6ZQPPQP","Submitted","Tue Feb 19 12:11:25 PST 2019","Tue Feb 19 12:11:34 PST 2019","Fri Feb 22 12:11:34 PST 2019","","","","9","100% (1/1)","0% (0/0)","0% (0/0)","https://s3.amazonaws.com/nets213-hw5/weddings-indian-languages/malayalam/2320/01.jpg","Yes"
"3J6BHNX0U9SEM1C0WZLJKR5CHOQKN0","3EETFKUFDZ6EPMMCQZDLMIKBY6WF6K","Does this image show a wedding?","Does this image depict a wedding?  We are interested in both Indian weddings and Western-style weddings.","image, classification, wedding","$0.01","Tue Feb 19 12:10:14 PST 2019","3","BatchId:3537650;OriginalHitTemplateId:928390875;","3600","259200","Tue Feb 26 12:10:14 PST 2019","","","373ERPL3YO80Q2R89HLTIMT6A5URTM","A3PABOW1OQ9MX1","Submitted","Tue Feb 19 12:12:18 PST 2019","Tue Feb 19 12:14:20 PST 2019","Fri Feb 22 12:14:20 PST 2019","","","","122","0% (0/0)","0% (0/0)","0% (0/0)","https://s3.amazonaws.com/nets213-hw5/weddings-indian-languages/hindi/7500/01.jpg","Yes"
"3J6BHNX0U9SEM1C0WZLJKR5CHOQKN0","3EETFKUFDZ6EPMMCQZDLMIKBY6WF6K","Does this image show a wedding?","Does this image depict a wedding?  We are interested in both Indian weddings and Western-style weddings.","image, classification, wedding","$0.01","Tue Feb 19 12:10:14 PST 2019","3","BatchId:3537650;OriginalHitTemplateId:928390875;","3600","259200","Tue Feb 26 12:10:14 PST 2019","","","3R2UR8A0IAG4A68CMZ5MDU97CEYXO2","AUMY3AA0I92SR","Submitted","Tue Feb 19 12:13:00 PST 2019","Tue Feb 19 12:13:35 PST 2019","Fri Feb 22 12:13:35 PST 2019","","","","35","0% (0/0)","0% (0/0)","0% (0/0)","https://s3.amazonaws.com/nets213-hw5/weddings-indian-languages/hindi/7500/01.jpg","Yes"
"3J6BHNX0U9SEM1C0WZLJKR5CHOQKN0","3EETFKUFDZ6EPMMCQZDLMIKBY6WF6K","Does this image show a wedding?","Does this image depict a wedding?  We are interested in both Indian weddings and Western-style weddings.","image, classification, wedding","$0.01","Tue Feb 19 12:10:14 PST 2019","3","BatchId:3537650;OriginalHitTemplateId:928390875;","3600","259200","Tue Feb 26 12:10:14 PST 2019","","","3U5NZHP4LR2P9GKYWV0FZ8Q3YTBHPA","AT9U8SRUUFLHG","Submitted","Tue Feb 19 12:12:09 PST 2019","Tue Feb 19 12:12:20 PST 2019","Fri Feb 22 12:12:20 PST 2019","","","","11","0% (0/0)","0% (0/0)","0% (0/0)","https://s3.amazonaws.com/nets213-hw5/weddings-indian-languages/hindi/7500/01.jpg","Yes"
"30ZKOOGW2W65WHWPFLAWT6PD9BRA13","3EETFKUFDZ6EPMMCQZDLMIKBY6WF6K","Does this image show a wedding?","Does this image depict a wedding?  We are interested in both Indian weddings and Western-style weddings.","image, classification, wedding","$0.01","Tue Feb 19 12:10:14 PST 2019","3","BatchId:3537650;OriginalHitTemplateId:928390875;","3600","259200","Tue Feb 26 12:10:14 PST 2019","","","3JPSL1DZ5SZAW807AADVEXY4LJKNA9","AQWV4866H1PFQ","Submitted","Tue Feb 19 12:12:06 PST 2019","Tue Feb 19 12:12:21 PST 2019","Fri Feb 22 12:12:21 PST 2019","","","","15","100% (2/2)","0% (0/0)","0% (0/0)","https://s3.amazonaws.com/nets213-hw5/weddings-indian-languages/hindi/7246/01.jpg","Yes"
"30ZKOOGW2W65WHWPFLAWT6PD9BRA13","3EETFKUFDZ6EPMMCQZDLMIKBY6WF6K","Does this image show a wedding?","Does this image depict a wedding?  We are interested in both Indian weddings and Western-style weddings.","image, classification, wedding","$0.01","Tue Feb 19 12:10:14 PST 2019","3","BatchId:3537650;OriginalHitTemplateId:928390875;","3600","259200","Tue Feb 26 12:10:14 PST 2019","","","3QEMNNSB2XZJRUBWEDN881KK67C7DK","AT9U8SRUUFLHG","Submitted","Tue Feb 19 12:11:50 PST 2019","Tue Feb 19 12:11:58 PST 2019","Fri Feb 22 12:11:58 PST 2019","","","","8","0% (0/0)","0% (0/0)","0% (0/0)","https://s3.amazonaws.com/nets213-hw5/weddings-indian-languages/hindi/7246/01.jpg","Yes"
"30ZKOOGW2W65WHWPFLAWT6PD9BRA13","3EETFKUFDZ6EPMMCQZDLMIKBY6WF6K","Does this image show a wedding?","Does this image depict a wedding?  We are interested in both Indian weddings and Western-style weddings.","image, classification, wedding","$0.01","Tue Feb 19 12:10:14 PST 2019","3","BatchId:3537650;OriginalHitTemplateId:928390875;","3600","259200","Tue Feb 26 12:10:14 PST 2019","","","3X73LLYYQ1EP6V8LGGNNVJL8YEAHNE","A1ZW8SS09KXKK8","Submitted","Tue Feb 19 12:12:06 PST 2019","Tue Feb 19 12:12:17 PST 2019","Fri Feb 22 12:12:17 PST 2019","","","","11","0% (0/0)","0% (0/0)","0% (0/0)","https://s3.amazonaws.com/nets213-hw5/weddings-indian-languages/hindi/7246/01.jpg","Yes"
"3VO4XFFP15MBUJI8TXORKGVVGFD7Q4","3EETFKUFDZ6EPMMCQZDLMIKBY6WF6K","Does this image show a wedding?","Does this image depict a wedding?  We are interested in both Indian weddings and Western-style weddings.","image, classification, wedding","$0.01","Tue Feb 19 12:10:14 PST 2019","3","BatchId:3537650;OriginalHitTemplateId:928390875;","3600","259200","Tue Feb 26 12:10:14 PST 2019","","","33TIN5LC04AQ3OUGP686ZILRJL69Y6","A1ZW8SS09KXKK8","Submitted","Tue Feb 19 12:11:45 PST 2019","Tue Feb 19 12:11:57 PST 2019","Fri Feb 22 12:11:57 PST 2019","","","","12","0% (0/0)","0% (0/0)","0% (0/0)","https://s3.amazonaws.com/nets213-hw5/weddings-indian-languages/hindi/8683/01.jpg","No"
"3VO4XFFP15MBUJI8TXORKGVVGFD7Q4","3EETFKUFDZ6EPMMCQZDLMIKBY6WF6K","Does this image show a wedding?","Does this image depict a wedding?  We are interested in both Indian weddings and Western-style weddings.","image, classification, wedding","$0.01","Tue Feb 19 12:10:14 PST 2019","3","BatchId:3537650;OriginalHitTemplateId:928390875;","3600","259200","Tue Feb 26 12:10:14 PST 2019","","","37M28K1J0QDEDI9MVCL3LQHNCZFAJS","A3PABOW1OQ9MX1","Submitted","Tue Feb 19 12:12:21 PST 2019","Tue Feb 19 12:14:44 PST 2019","Fri Feb 22 12:14:44 PST 2019","","","","143","0% (0/0)","0% (0/0)","0% (0/0)","https://s3.amazonaws.com/nets213-hw5/weddings-indian-languages/hindi/8683/01.jpg","Cannot Determine"
"3VO4XFFP15MBUJI8TXORKGVVGFD7Q4","3EETFKUFDZ6EPMMCQZDLMIKBY6WF6K","Does this image show a wedding?","Does this image depict a wedding?  We are interested in both Indian weddings and Western-style weddings.","image, classification, wedding","$0.01","Tue Feb 19 12:10:14 PST 2019","3","BatchId:3537650;OriginalHitTemplateId:928390875;","3600","259200","Tue Feb 26 12:10:14 PST 2019","","","3VNXK88KKCI9ZUZBKVLMSJHX144V9J","A13AA4ZKU2F2D0","Submitted","Tue Feb 19 12:13:01 PST 2019","Tue Feb 19 12:13:48 PST 2019","Fri Feb 22 12:13:48 PST 2019","","","","47","0% (0/0)","0% (0/0)","0% (0/0)","https://s3.amazonaws.com/nets213-hw5/weddings-indian-languages/hindi/8683/01.jpg","Cannot Determine"
"3GITHABACYLJ5L8A7TFFKVJI0O42NW","3EETFKUFDZ6EPMMCQZDLMIKBY6WF6K","Does this image show a wedding?","Does this image depict a wedding?  We are interested in both Indian weddings and Western-style weddings.","image, classification, wedding","$0.01","Tue Feb 19 12:10:15 PST 2019","3","BatchId:3537650;OriginalHitTemplateId:928390875;","3600","259200","Tue Feb 26 12:10:15 PST 2019","","","3A1PQ49WVHHMSO1WBTPPYC85VD5H16","AUMY3AA0I92SR","Submitted","Tue Feb 19 12:12:38 PST 2019","Tue Feb 19 12:12:56 PST 2019","Fri Feb 22 12:12:56 PST 2019","","","","18","0% (0/0)","0% (0/0)","0% (0/0)","https://s3.amazonaws.com/nets213-hw5/weddings-indian-languages/bengali/6287/01.jpg","Yes"
"3GITHABACYLJ5L8A7TFFKVJI0O42NW","3EETFKUFDZ6EPMMCQZDLMIKBY6WF6K","Does this image show a wedding?","Does this image depict a wedding?  We are interested in both Indian weddings and Western-style weddings.","image, classification, wedding","$0.01","Tue Feb 19 12:10:15 PST 2019","3","BatchId:3537650;OriginalHitTemplateId:928390875;","3600","259200","Tue Feb 26 12:10:15 PST 2019","","","3VP0C6EFSGW3RO348WHJLD7IKAK6M2","A1ZW8SS09KXKK8","Submitted","Tue Feb 19 12:10:54 PST 2019","Tue Feb 19 12:11:01 PST 2019","Fri Feb 22 12:11:01 PST 2019","","","","7","0% (0/0)","0% (0/0)","0% (0/0)","https://s3.amazonaws.com/nets213-hw5/weddings-indian-languages/bengali/6287/01.jpg","Yes"
"3GITHABACYLJ5L8A7TFFKVJI0O42NW","3EETFKUFDZ6EPMMCQZDLMIKBY6WF6K","Does this image show a wedding?","Does this image depict a wedding?  We are interested in both Indian weddings and Western-style weddings.","image, classification, wedding","$0.01","Tue Feb 19 12:10:15 PST 2019","3","BatchId:3537650;OriginalHitTemplateId:928390875;","3600","259200","Tue Feb 26 12:10:15 PST 2019","","","3ZWFC4W1UU7Q7X97EXG41IE5JWMRFE","A1Q6RMFL78IKJJ","Submitted","Tue Feb 19 12:11:47 PST 2019","Tue Feb 19 12:13:27 PST 2019","Fri Feb 22 12:13:27 PST 2019","","","","100","0% (0/0)","0% (0/0)","0% (0/0)","https://s3.amazonaws.com/nets213-hw5/weddings-indian-languages/bengali/6287/01.jpg","Yes"
"375VMB7D4JJEUUVZ72M4B6E5BGZID5","3EETFKUFDZ6EPMMCQZDLMIKBY6WF6K","Does this image show a wedding?","Does this image depict a wedding?  We are interested in both Indian weddings and Western-style weddings.","image, classification, wedding","$0.01","Tue Feb 19 12:10:15 PST 2019","3","BatchId:3537650;OriginalHitTemplateId:928390875;","3600","259200","Tue Feb 26 12:10:15 PST 2019","","","3LJ7UR74RHDVUJKQ19341UC4T9O4NF","A1ZW8SS09KXKK8","Submitted","Tue Feb 19 12:11:01 PST 2019","Tue Feb 19 12:11:09 PST 2019","Fri Feb 22 12:11:09 PST 2019","","","","8","0% (0/0)","0% (0/0)","0% (0/0)","https://s3.amazonaws.com/nets213-hw5/weddings-indian-languages/bengali/6286/01.jpg","Yes"
"375VMB7D4JJEUUVZ72M4B6E5BGZID5","3EETFKUFDZ6EPMMCQZDLMIKBY6WF6K","Does this image show a wedding?","Does this image depict a wedding?  We are interested in both Indian weddings and Western-style weddings.","image, classification, wedding","$0.01","Tue Feb 19 12:10:15 PST 2019","3","BatchId:3537650;OriginalHitTemplateId:928390875;","3600","259200","Tue Feb 26 12:10:15 PST 2019","","","3R0T90IZ1SCSFVGJ7KWRU8FVKAJCGS","A2EO6IBGQEOMLB","Submitted","Tue Feb 19 12:11:38 PST 2019","Tue Feb 19 12:11:46 PST 2019","Fri Feb 22 12:11:46 PST 2019","","","","8","100% (1/1)","0% (0/0)","0% (0/0)","https://s3.amazonaws.com/nets213-hw5/weddings-indian-languages/bengali/6286/01.jpg","Yes"
"375VMB7D4JJEUUVZ72M4B6E5BGZID5","3EETFKUFDZ6EPMMCQZDLMIKBY6WF6K","Does this image show a wedding?","Does this image depict a wedding?  We are interested in both Indian weddings and Western-style weddings.","image, classification, wedding","$0.01","Tue Feb 19 12:10:15 PST 2019","3","BatchId:3537650;OriginalHitTemplateId:928390875;","3600","259200","Tue Feb 26 12:10:15 PST 2019","","","3RWE2M8QWHAEVV2PI8G2PRMRCX8N0I","A2FDEBTHDRUHRK","Submitted","Tue Feb 19 12:11:45 PST 2019","Tue Feb 19 12:11:51 PST 2019","Fri Feb 22 12:11:51 PST 2019","","","","6","100% (11/11)","0% (0/0)","0% (0/0)","https://s3.amazonaws.com/nets213-hw5/weddings-indian-languages/bengali/6286/01.jpg","Yes"
"3SNR5F7R92TJM09Z3XXOHOWQBS0IEY","3EETFKUFDZ6EPMMCQZDLMIKBY6WF6K","Does this image show a wedding?","Does this image depict a wedding?  We are interested in both Indian weddings and Western-style weddings.","image, classification, wedding","$0.01","Tue Feb 19 12:10:15 PST 2019","3","BatchId:3537650;OriginalHitTemplateId:928390875;","3600","259200","Tue Feb 26 12:10:15 PST 2019","","","3AQF3RZ558IXLEBNM9D6QNN9N98F64","ATE8OIQFEVD0T","Submitted","Tue Feb 19 12:12:13 PST 2019","Tue Feb 19 12:12:22 PST 2019","Fri Feb 22 12:12:22 PST 2019","","","","9","0% (0/0)","0% (0/0)","0% (0/0)","https://s3.amazonaws.com/nets213-hw5/weddings-indian-languages/bengali/6250/01.jpg","Yes"
"3SNR5F7R92TJM09Z3XXOHOWQBS0IEY","3EETFKUFDZ6EPMMCQZDLMIKBY6WF6K","Does this image show a wedding?","Does this image depict a wedding?  We are interested in both Indian weddings and Western-style weddings.","image, classification, wedding","$0.01","Tue Feb 19 12:10:15 PST 2019","3","BatchId:3537650;OriginalHitTemplateId:928390875;","3600","259200","Tue Feb 26 12:10:15 PST 2019","","","3OS46CRSLFZMHBXDMOIA89QVB3WV68","AUMY3AA0I92SR","Submitted","Tue Feb 19 12:12:59 PST 2019","Tue Feb 19 12:13:25 PST 2019","Fri Feb 22 12:13:25 PST 2019","","","","26","0% (0/0)","0% (0/0)","0% (0/0)","https://s3.amazonaws.com/nets213-hw5/weddings-indian-languages/bengali/6250/01.jpg","Yes"
"3SNR5F7R92TJM09Z3XXOHOWQBS0IEY","3EETFKUFDZ6EPMMCQZDLMIKBY6WF6K","Does this image show a wedding?","Does this image depict a wedding?  We are interested in both Indian weddings and Western-style weddings.","image, classification, wedding","$0.01","Tue Feb 19 12:10:15 PST 2019","3","BatchId:3537650;OriginalHitTemplateId:928390875;","3600","259200","Tue Feb 26 12:10:15 PST 2019","","","3YT88D1N08Y94HGJ4I65ZX3ULENK35","A3PABOW1OQ9MX1","Submitted","Tue Feb 19 12:12:12 PST 2019","Tue Feb 19 12:13:20 PST 2019","Fri Feb 22 12:13:20 PST 2019","","","","68","0% (0/0)","0% (0/0)","0% (0/0)","https://s3.amazonaws.com/nets213-hw5/weddings-indian-languages/bengali/6250/01.jpg","Yes"
"3OYHVNTV5TYW4MCCXELWZG5H7YVKOF","3EETFKUFDZ6EPMMCQZDLMIKBY6WF6K","Does this image show a wedding?","Does this image depict a wedding?  We are interested in both Indian weddings and Western-style weddings.","image, classification, wedding","$0.01","Tue Feb 19 12:10:15 PST 2019","3","BatchId:3537650;OriginalHitTemplateId:928390875;","3600","259200","Tue Feb 26 12:10:15 PST 2019","","","3KIBXJ1WD5UYQ695NGQXN015G5JKO0","A1ZW8SS09KXKK8","Submitted","Tue Feb 19 12:12:18 PST 2019","Tue Feb 19 12:12:25 PST 2019","Fri Feb 22 12:12:25 PST 2019","","","","7","0% (0/0)","0% (0/0)","0% (0/0)","https://s3.amazonaws.com/nets213-hw5/weddings-indian-languages/bengali/6251/01.jpg","Yes"
"3OYHVNTV5TYW4MCCXELWZG5H7YVKOF","3EETFKUFDZ6EPMMCQZDLMIKBY6WF6K","Does this image show a wedding?","Does this image depict a wedding?  We are interested in both Indian weddings and Western-style weddings.","image, classification, wedding","$0.01","Tue Feb 19 12:10:15 PST 2019","3","BatchId:3537650;OriginalHitTemplateId:928390875;","3600","259200","Tue Feb 26 12:10:15 PST 2019","","","3L4D84MILZSTN5H01IVV2C4RPU5HJA","A1BIZVZ6ZQPPQP","Submitted","Tue Feb 19 12:11:57 PST 2019","Tue Feb 19 12:12:23 PST 2019","Fri Feb 22 12:12:23 PST 2019","","","","26","100% (1/1)","0% (0/0)","0% (0/0)","https://s3.amazonaws.com/nets213-hw5/weddings-indian-languages/bengali/6251/01.jpg","Yes"
"3OYHVNTV5TYW4MCCXELWZG5H7YVKOF","3EETFKUFDZ6EPMMCQZDLMIKBY6WF6K","Does this image show a wedding?","Does this image depict a wedding?  We are interested in both Indian weddings and Western-style weddings.","image, classification, wedding","$0.01","Tue Feb 19 12:10:15 PST 2019","3","BatchId:3537650;OriginalHitTemplateId:928390875;","3600","259200","Tue Feb 26 12:10:15 PST 2019","","","3Y5140Z9DXGP5BVI2DI0ZKRIY6QIP4","A13AA4ZKU2F2D0","Submitted","Tue Feb 19 12:12:59 PST 2019","Tue Feb 19 12:13:35 PST 2019","Fri Feb 22 12:13:35 PST 2019","","","","36","0% (0/0)","0% (0/0)","0% (0/0)","https://s3.amazonaws.com/nets213-hw5/weddings-indian-languages/bengali/6251/01.jpg","Yes"
"33CLA8O0MIBOLDCEOVB3DYIHAPYFRH","3EETFKUFDZ6EPMMCQZDLMIKBY6WF6K","Does this image show a wedding?","Does this image depict a wedding?  We are interested in both Indian weddings and Western-style weddings.","image, classification, wedding","$0.01","Tue Feb 19 12:10:15 PST 2019","3","BatchId:3537650;OriginalHitTemplateId:928390875;","3600","259200","Tue Feb 26 12:10:15 PST 2019","","","3HWRJOOET52A2Y9OYBW39AY1TXQES7","A2EO6IBGQEOMLB","Submitted","Tue Feb 19 12:12:30 PST 2019","Tue Feb 19 12:12:35 PST 2019","Fri Feb 22 12:12:35 PST 2019","","","","5","100% (1/1)","0% (0/0)","0% (0/0)","https://s3.amazonaws.com/nets213-hw5/weddings-indian-languages/bengali/6253/01.jpg","No"
"33CLA8O0MIBOLDCEOVB3DYIHAPYFRH","3EETFKUFDZ6EPMMCQZDLMIKBY6WF6K","Does this image show a wedding?","Does this image depict a wedding?  We are interested in both Indian weddings and Western-style weddings.","image, classification, wedding","$0.01","Tue Feb 19 12:10:15 PST 2019","3","BatchId:3537650;OriginalHitTemplateId:928390875;","3600","259200","Tue Feb 26 12:10:15 PST 2019","","","3JBT3HLQF82B01KS2H6MZFU8UJSPZ8","A13AA4ZKU2F2D0","Submitted","Tue Feb 19 12:12:37 PST 2019","Tue Feb 19 12:13:25 PST 2019","Fri Feb 22 12:13:25 PST 2019","","","","48","0% (0/0)","0% (0/0)","0% (0/0)","https://s3.amazonaws.com/nets213-hw5/weddings-indian-languages/bengali/6253/01.jpg","No"
"33CLA8O0MIBOLDCEOVB3DYIHAPYFRH","3EETFKUFDZ6EPMMCQZDLMIKBY6WF6K","Does this image show a wedding?","Does this image depict a wedding?  We are interested in both Indian weddings and Western-style weddings.","image, classification, wedding","$0.01","Tue Feb 19 12:10:15 PST 2019","3","BatchId:3537650;OriginalHitTemplateId:928390875;","3600","259200","Tue Feb 26 12:10:15 PST 2019","","","3NGI5ARFTT5E55ZKU6XU7LAWH4FP1J","A1BIZVZ6ZQPPQP","Submitted","Tue Feb 19 12:11:35 PST 2019","Tue Feb 19 12:11:45 PST 2019","Fri Feb 22 12:11:45 PST 2019","","","","10","100% (1/1)","0% (0/0)","0% (0/0)","https://s3.amazonaws.com/nets213-hw5/weddings-indian-languages/bengali/6253/01.jpg","No"
"3LAZVA75NIR1N68M88FSZKJNQY92OB","3EETFKUFDZ6EPMMCQZDLMIKBY6WF6K","Does this image show a wedding?","Does this image depict a wedding?  We are interested in both Indian weddings and Western-style weddings.","image, classification, wedding","$0.01","Tue Feb 19 12:10:15 PST 2019","3","BatchId:3537650;OriginalHitTemplateId:928390875;","3600","259200","Tue Feb 26 12:10:15 PST 2019","","","3IX2EGZR7BJ6CZV3XN7PGG6XC33JR9","A1ZW8SS09KXKK8","Submitted","Tue Feb 19 12:11:09 PST 2019","Tue Feb 19 12:11:18 PST 2019","Fri Feb 22 12:11:18 PST 2019","","","","9","0% (0/0)","0% (0/0)","0% (0/0)","https://s3.amazonaws.com/nets213-hw5/weddings-indian-languages/bengali/6252/01.jpg","No"
"3LAZVA75NIR1N68M88FSZKJNQY92OB","3EETFKUFDZ6EPMMCQZDLMIKBY6WF6K","Does this image show a wedding?","Does this image depict a wedding?  We are interested in both Indian weddings and Western-style weddings.","image, classification, wedding","$0.01","Tue Feb 19 12:10:15 PST 2019","3","BatchId:3537650;OriginalHitTemplateId:928390875;","3600","259200","Tue Feb 26 12:10:15 PST 2019","","","3STRJBFXOWRE3YEDJXCWHA7SFD0KTM","A3PABOW1OQ9MX1","Submitted","Tue Feb 19 12:12:19 PST 2019","Tue Feb 19 12:14:31 PST 2019","Fri Feb 22 12:14:31 PST 2019","","","","132","0% (0/0)","0% (0/0)","0% (0/0)","https://s3.amazonaws.com/nets213-hw5/weddings-indian-languages/bengali/6252/01.jpg","No"
"3LAZVA75NIR1N68M88FSZKJNQY92OB","3EETFKUFDZ6EPMMCQZDLMIKBY6WF6K","Does this image show a wedding?","Does this image depict a wedding?  We are interested in both Indian weddings and Western-style weddings.","image, classification, wedding","$0.01","Tue Feb 19 12:10:15 PST 2019","3","BatchId:3537650;OriginalHitTemplateId:928390875;","3600","259200","Tue Feb 26 12:10:15 PST 2019","","","3WJEQKOXA827I1TI5NFXHQL1IIFA1O","A2EO6IBGQEOMLB","Submitted","Tue Feb 19 12:11:52 PST 2019","Tue Feb 19 12:11:58 PST 2019","Fri Feb 22 12:11:58 PST 2019","","","","6","100% (1/1)","0% (0/0)","0% (0/0)","https://s3.amazonaws.com/nets213-hw5/weddings-indian-languages/bengali/6252/01.jpg","No"