image1,image2,image3,image4,image5,image6,image7,image8,image9,image10,image11,image12
https://s3.amazonaws.com/nets213-hw5/weddings-european-language/spanish/1054/01.jpg,https://s3.amazonaws.com/nets213-hw5/weddings-indian-languages/marathi/7992/02.jpg,https://s3.amazonaws.com/nets213-hw5/weddings-european-language/spanish/1319/03.jpg,https://s3.amazonaws.com/nets213-hw5/weddings-indian-languages/hindi/7500/04.jpg,https://s3.amazonaws.com/nets213-hw5/weddings-indian-languages/tamil/2924/05.jpg,https://s3.amazonaws.com/nets213-hw5/weddings-indian-languages/telugu/1711/06.jpg,https://s3.amazonaws.com/nets213-hw5/weddings-indian-languages/marathi/7868/07.jpg,https://s3.amazonaws.com/nets213-hw5/weddings-indian-languages/marathi/7180/08.jpg,https://s3.amazonaws.com/nets213-hw5/weddings-indian-languages/punjabi/7899/09.jpg,https://s3.amazonaws.com/nets213-hw5/weddings-indian-languages/telugu/5153/10.jpg,https://s3.amazonaws.com/nets213-hw5/weddings-indian-languages/tamil/5060/11.jpg,https://s3.amazonaws.com/nets213-hw5/weddings-indian-languages/marathi/7179/12.jpg
https://s3.amazonaws.com/nets213-hw5/weddings-indian-languages/punjabi/7900/01.jpg,https://s3.amazonaws.com/nets213-hw5/weddings-indian-languages/telugu/8084/02.jpg,https://s3.amazonaws.com/nets213-hw5/weddings-indian-languages/bengali/6251/03.jpg,https://s3.amazonaws.com/nets213-hw5/weddings-indian-languages/tamil/7467/04.jpg,https://s3.amazonaws.com/nets213-hw5/weddings-indian-languages/bengali/6251/05.jpg,https://s3.amazonaws.com/nets213-hw5/weddings-indian-languages/tamil/5058/06.jpg,https://s3.amazonaws.com/nets213-hw5/weddings-indian-languages/gujarati/7267/07.jpg,https://s3.amazonaws.com/nets213-hw5/weddings-indian-languages/gujarati/7267/08.jpg,https://s3.amazonaws.com/nets213-hw5/weddings-indian-languages/tamil/2924/09.jpg,https://s3.amazonaws.com/nets213-hw5/weddings-indian-languages/hindi/7246/10.jpg,https://s3.amazonaws.com/nets213-hw5/weddings-indian-languages/bengali/6251/11.jpg,https://s3.amazonaws.com/nets213-hw5/weddings-indian-languages/gujarati/7267/12.jpg
https://s3.amazonaws.com/nets213-hw5/weddings-indian-languages/malayalam/2320/01.jpg,https://s3.amazonaws.com/nets213-hw5/weddings-indian-languages/telugu/5153/02.jpg,https://s3.amazonaws.com/nets213-hw5/weddings-indian-languages/hindi/7246/03.jpg,https://s3.amazonaws.com/nets213-hw5/weddings-indian-languages/bengali/6286/04.jpg,https://s3.amazonaws.com/nets213-hw5/weddings-indian-languages/telugu/1711/05.jpg,https://s3.amazonaws.com/nets213-hw5/weddings-european-language/spanish/1053/06.jpg,https://s3.amazonaws.com/nets213-hw5/weddings-indian-languages/bengali/6287/07.jpg,https://s3.amazonaws.com/nets213-hw5/weddings-indian-languages/telugu/8084/08.jpg,https://s3.amazonaws.com/nets213-hw5/weddings-indian-languages/telugu/8086/09.jpg,https://s3.amazonaws.com/nets213-hw5/weddings-indian-languages/bengali/6251/10.jpg,https://s3.amazonaws.com/nets213-hw5/weddings-indian-languages/marathi/7179/11.jpg,https://s3.amazonaws.com/nets213-hw5/weddings-indian-languages/telugu/5153/12.jpg
https://s3.amazonaws.com/nets213-hw5/weddings-indian-languages/marathi/7992/01.jpg,https://s3.amazonaws.com/nets213-hw5/weddings-indian-languages/telugu/8086/02.jpg,https://s3.amazonaws.com/nets213-hw5/weddings-indian-languages/bengali/6253/03.jpg,https://s3.amazonaws.com/nets213-hw5/weddings-indian-languages/telugu/8086/04.jpg,https://s3.amazonaws.com/nets213-hw5/weddings-indian-languages/marathi/7868/05.jpg,https://s3.amazonaws.com/nets213-hw5/weddings-indian-languages/malayalam/8573/06.jpg,https://s3.amazonaws.com/nets213-hw5/weddings-indian-languages/telugu/5154/07.jpg,https://s3.amazonaws.com/nets213-hw5/weddings-indian-languages/bengali/6286/08.jpg,https://s3.amazonaws.com/nets213-hw5/weddings-indian-languages/tamil/5060/09.jpg,https://s3.amazonaws.com/nets213-hw5/weddings-indian-languages/tamil/5060/10.jpg,https://s3.amazonaws.com/nets213-hw5/weddings-indian-languages/telugu/5098/11.jpg,https://s3.amazonaws.com/nets213-hw5/weddings-indian-languages/tamil/7468/12.jpg
https://s3.amazonaws.com/nets213-hw5/weddings-indian-languages/telugu/1711/01.jpg,https://s3.amazonaws.com/nets213-hw5/weddings-indian-languages/malayalam/8573/02.jpg,https://s3.amazonaws.com/nets213-hw5/weddings-european-language/spanish/1053/03.jpg,https://s3.amazonaws.com/nets213-hw5/weddings-indian-languages/telugu/1711/04.jpg,https://s3.amazonaws.com/nets213-hw5/weddings-indian-languages/telugu/5154/05.jpg,https://s3.amazonaws.com/nets213-hw5/weddings-indian-languages/punjabi/7900/06.jpg,https://s3.amazonaws.com/nets213-hw5/weddings-indian-languages/telugu/8084/07.jpg,https://s3.amazonaws.com/nets213-hw5/weddings-indian-languages/malayalam/8572/08.jpg,https://s3.amazonaws.com/nets213-hw5/weddings-indian-languages/gujarati/7268/09.jpg,https://s3.amazonaws.com/nets213-hw5/weddings-indian-languages/tamil/7467/10.jpg,https://s3.amazonaws.com/nets213-hw5/weddings-indian-languages/tamil/2923/11.jpg,https://s3.amazonaws.com/nets213-hw5/weddings-indian-languages/telugu/5098/12.jpg
https://s3.amazonaws.com/nets213-hw5/weddings-indian-languages/marathi/7179/01.jpg,https://s3.amazonaws.com/nets213-hw5/weddings-indian-languages/hindi/7500/02.jpg,https://s3.amazonaws.com/nets213-hw5/weddings-indian-languages/tamil/2924/03.jpg,https://s3.amazonaws.com/nets213-hw5/weddings-indian-languages/tamil/7468/04.jpg,https://s3.amazonaws.com/nets213-hw5/weddings-indian-languages/punjabi/7899/05.jpg,https://s3.amazonaws.com/nets213-hw5/weddings-indian-languages/malayalam/8574/06.jpg,https://s3.amazonaws.com/nets213-hw5/weddings-indian-languages/tamil/5060/07.jpg,https://s3.amazonaws.com/nets213-hw5/weddings-indian-languages/marathi/7179/08.jpg,https://s3.amazonaws.com/nets213-hw5/weddings-indian-languages/gujarati/7267/09.jpg,https://s3.amazonaws.com/nets213-hw5/weddings-european-language/spanish/5762/10.jpg,https://s3.amazonaws.com/nets213-hw5/weddings-indian-languages/punjabi/7899/11.jpg,https://s3.amazonaws.com/nets213-hw5/weddings-indian-languages/marathi/7178/12.jpg
https://s3.amazonaws.com/nets213-hw5/weddings-indian-languages/tamil/2923/01.jpg,https://s3.amazonaws.com/nets213-hw5/weddings-indian-languages/tamil/5057/02.jpg,https://s3.amazonaws.com/nets213-hw5/weddings-indian-languages/punjabi/7900/03.jpg,https://s3.amazonaws.com/nets213-hw5/weddings-indian-languages/gujarati/7267/04.jpg,https://s3.amazonaws.com/nets213-hw5/weddings-indian-languages/telugu/8087/05.jpg,https://s3.amazonaws.com/nets213-hw5/weddings-european-language/spanish/1054/06.jpg,https://s3.amazonaws.com/nets213-hw5/weddings-indian-languages/telugu/8085/07.jpg,https://s3.amazonaws.com/nets213-hw5/weddings-indian-languages/gujarati/7268/08.jpg,https://s3.amazonaws.com/nets213-hw5/weddings-indian-languages/tamil/7467/09.jpg,https://s3.amazonaws.com/nets213-hw5/weddings-indian-languages/telugu/5098/10.jpg,https://s3.amazonaws.com/nets213-hw5/weddings-indian-languages/punjabi/7900/11.jpg,https://s3.amazonaws.com/nets213-hw5/weddings-indian-languages/telugu/5154/12.jpg
https://s3.amazonaws.com/nets213-hw5/weddings-indian-languages/gujarati/7268/01.jpg,https://s3.amazonaws.com/nets213-hw5/weddings-indian-languages/punjabi/7899/02.jpg,https://s3.amazonaws.com/nets213-hw5/weddings-indian-languages/punjabi/7899/03.jpg,https://s3.amazonaws.com/nets213-hw5/weddings-indian-languages/marathi/7868/04.jpg,https://s3.amazonaws.com/nets213-hw5/weddings-indian-languages/gujarati/7948/05.jpg,https://s3.amazonaws.com/nets213-hw5/weddings-indian-languages/hindi/7246/06.jpg,https://s3.amazonaws.com/nets213-hw5/weddings-indian-languages/malayalam/8573/07.jpg,https://s3.amazonaws.com/nets213-hw5/weddings-indian-languages/tamil/7467/08.jpg,https://s3.amazonaws.com/nets213-hw5/weddings-indian-languages/tamil/7465/09.jpg,https://s3.amazonaws.com/nets213-hw5/weddings-indian-languages/bengali/6286/10.jpg,https://s3.amazonaws.com/nets213-hw5/weddings-european-language/spanish/1319/11.jpg,https://s3.amazonaws.com/nets213-hw5/weddings-indian-languages/bengali/6251/12.jpg
https://s3.amazonaws.com/nets213-hw5/weddings-indian-languages/tamil/2924/01.jpg,https://s3.amazonaws.com/nets213-hw5/weddings-european-language/spanish/5763/02.jpg,https://s3.amazonaws.com/nets213-hw5/weddings-indian-languages/marathi/7992/03.jpg,https://s3.amazonaws.com/nets213-hw5/weddings-indian-languages/malayalam/8572/04.jpg,https://s3.amazonaws.com/nets213-hw5/weddings-indian-languages/tamil/7468/05.jpg,https://s3.amazonaws.com/nets213-hw5/weddings-indian-languages/bengali/6253/06.jpg,https://s3.amazonaws.com/nets213-hw5/weddings-indian-languages/malayalam/8572/07.jpg,https://s3.amazonaws.com/nets213-hw5/weddings-indian-languages/malayalam/2320/08.jpg,https://s3.amazonaws.com/nets213-hw5/weddings-indian-languages/telugu/1711/09.jpg,https://s3.amazonaws.com/nets213-hw5/weddings-indian-languages/telugu/8087/10.jpg,https://s3.amazonaws.com/nets213-hw5/weddings-indian-languages/gujarati/7268/11.jpg,https://s3.amazonaws.com/nets213-hw5/weddings-indian-languages/malayalam/2320/12.jpg
https://s3.amazonaws.com/nets213-hw5/weddings-indian-languages/tamil/5058/01.jpg,https://s3.amazonaws.com/nets213-hw5/weddings-indian-languages/telugu/5152/02.jpg,https://s3.amazonaws.com/nets213-hw5/weddings-indian-languages/malayalam/8573/03.jpg,https://s3.amazonaws.com/nets213-hw5/weddings-indian-languages/hindi/8683/04.jpg,https://s3.amazonaws.com/nets213-hw5/weddings-indian-languages/tamil/7465/05.jpg,https://s3.amazonaws.com/nets213-hw5/weddings-indian-languages/telugu/1710/06.jpg,https://s3.amazonaws.com/nets213-hw5/weddings-indian-languages/gujarati/7266/07.jpg,https://s3.amazonaws.com/nets213-hw5/weddings-indian-languages/malayalam/8574/08.jpg,https://s3.amazonaws.com/nets213-hw5/weddings-indian-languages/telugu/5152/09.jpg,https://s3.amazonaws.com/nets213-hw5/weddings-indian-languages/punjabi/7900/10.jpg,https://s3.amazonaws.com/nets213-hw5/weddings-indian-languages/bengali/6252/11.jpg,https://s3.amazonaws.com/nets213-hw5/weddings-indian-languages/gujarati/7268/12.jpg
https://s3.amazonaws.com/nets213-hw5/weddings-european-language/spanish/1053/01.jpg,https://s3.amazonaws.com/nets213-hw5/weddings-indian-languages/malayalam/8572/02.jpg,https://s3.amazonaws.com/nets213-hw5/weddings-indian-languages/gujarati/7268/03.jpg,https://s3.amazonaws.com/nets213-hw5/weddings-indian-languages/tamil/2923/04.jpg,https://s3.amazonaws.com/nets213-hw5/weddings-indian-languages/gujarati/7266/05.jpg,https://s3.amazonaws.com/nets213-hw5/weddings-indian-languages/gujarati/7266/06.jpg,https://s3.amazonaws.com/nets213-hw5/weddings-european-language/spanish/1319/07.jpg,https://s3.amazonaws.com/nets213-hw5/weddings-indian-languages/punjabi/7899/08.jpg,https://s3.amazonaws.com/nets213-hw5/weddings-indian-languages/bengali/6251/09.jpg,https://s3.amazonaws.com/nets213-hw5/weddings-indian-languages/telugu/5152/10.jpg,https://s3.amazonaws.com/nets213-hw5/weddings-indian-languages/bengali/6286/11.jpg,https://s3.amazonaws.com/nets213-hw5/weddings-indian-languages/hindi/7246/12.jpg
https://s3.amazonaws.com/nets213-hw5/weddings-indian-languages/tamil/7465/01.jpg,https://s3.amazonaws.com/nets213-hw5/weddings-european-language/spanish/1054/02.jpg,https://s3.amazonaws.com/nets213-hw5/weddings-indian-languages/telugu/1710/03.jpg,https://s3.amazonaws.com/nets213-hw5/weddings-european-language/spanish/1319/04.jpg,https://s3.amazonaws.com/nets213-hw5/weddings-indian-languages/marathi/7179/05.jpg,https://s3.amazonaws.com/nets213-hw5/weddings-european-language/spanish/5762/06.jpg,https://s3.amazonaws.com/nets213-hw5/weddings-indian-languages/marathi/7180/07.jpg,https://s3.amazonaws.com/nets213-hw5/weddings-european-language/spanish/1054/08.jpg,https://s3.amazonaws.com/nets213-hw5/weddings-indian-languages/malayalam/2320/09.jpg,https://s3.amazonaws.com/nets213-hw5/weddings-indian-languages/malayalam/8573/10.jpg,https://s3.amazonaws.com/nets213-hw5/weddings-indian-languages/tamil/7468/11.jpg,https://s3.amazonaws.com/nets213-hw5/weddings-indian-languages/hindi/7500/12.jpg
https://s3.amazonaws.com/nets213-hw5/weddings-indian-languages/tamil/7467/01.jpg,https://s3.amazonaws.com/nets213-hw5/weddings-indian-languages/tamil/5060/02.jpg,https://s3.amazonaws.com/nets213-hw5/weddings-indian-languages/malayalam/2320/03.jpg,https://s3.amazonaws.com/nets213-hw5/weddings-indian-languages/telugu/1710/04.jpg,https://s3.amazonaws.com/nets213-hw5/weddings-indian-languages/malayalam/8573/05.jpg,https://s3.amazonaws.com/nets213-hw5/weddings-indian-languages/tamil/7465/06.jpg,https://s3.amazonaws.com/nets213-hw5/weddings-indian-languages/punjabi/7900/07.jpg,https://s3.amazonaws.com/nets213-hw5/weddings-indian-languages/telugu/8085/08.jpg,https://s3.amazonaws.com/nets213-hw5/weddings-indian-languages/marathi/7179/09.jpg,https://s3.amazonaws.com/nets213-hw5/weddings-indian-languages/marathi/7992/10.jpg,https://s3.amazonaws.com/nets213-hw5/weddings-indian-languages/malayalam/8573/11.jpg,https://s3.amazonaws.com/nets213-hw5/weddings-indian-languages/bengali/6252/12.jpg
https://s3.amazonaws.com/nets213-hw5/weddings-indian-languages/telugu/5154/01.jpg,https://s3.amazonaws.com/nets213-hw5/weddings-indian-languages/malayalam/2320/02.jpg,https://s3.amazonaws.com/nets213-hw5/weddings-european-language/spanish/1334/03.jpg,https://s3.amazonaws.com/nets213-hw5/weddings-indian-languages/telugu/8087/04.jpg,https://s3.amazonaws.com/nets213-hw5/weddings-indian-languages/bengali/6286/05.jpg,https://s3.amazonaws.com/nets213-hw5/weddings-indian-languages/gujarati/7267/06.jpg,https://s3.amazonaws.com/nets213-hw5/weddings-indian-languages/telugu/8086/07.jpg,https://s3.amazonaws.com/nets213-hw5/weddings-indian-languages/hindi/8683/08.jpg,https://s3.amazonaws.com/nets213-hw5/weddings-indian-languages/bengali/6286/09.jpg,https://s3.amazonaws.com/nets213-hw5/weddings-indian-languages/gujarati/7268/10.jpg,https://s3.amazonaws.com/nets213-hw5/weddings-indian-languages/telugu/5152/11.jpg,https://s3.amazonaws.com/nets213-hw5/weddings-european-language/spanish/1053/12.jpg
https://s3.amazonaws.com/nets213-hw5/weddings-european-language/spanish/1334/01.jpg,https://s3.amazonaws.com/nets213-hw5/weddings-indian-languages/gujarati/7948/02.jpg,https://s3.amazonaws.com/nets213-hw5/weddings-indian-languages/telugu/8087/03.jpg,https://s3.amazonaws.com/nets213-hw5/weddings-indian-languages/marathi/7178/04.jpg,https://s3.amazonaws.com/nets213-hw5/weddings-european-language/spanish/1334/05.jpg,https://s3.amazonaws.com/nets213-hw5/weddings-indian-languages/telugu/8085/06.jpg,https://s3.amazonaws.com/nets213-hw5/weddings-european-language/spanish/1334/07.jpg,https://s3.amazonaws.com/nets213-hw5/weddings-european-language/spanish/5762/08.jpg,https://s3.amazonaws.com/nets213-hw5/weddings-indian-languages/marathi/7178/09.jpg,https://s3.amazonaws.com/nets213-hw5/weddings-indian-languages/bengali/6252/10.jpg,https://s3.amazonaws.com/nets213-hw5/weddings-indian-languages/tamil/5058/11.jpg,https://s3.amazonaws.com/nets213-hw5/weddings-indian-languages/tamil/7465/12.jpg
https://s3.amazonaws.com/nets213-hw5/weddings-indian-languages/tamil/5057/01.jpg,https://s3.amazonaws.com/nets213-hw5/weddings-indian-languages/hindi/7246/02.jpg,https://s3.amazonaws.com/nets213-hw5/weddings-indian-languages/tamil/7467/03.jpg,https://s3.amazonaws.com/nets213-hw5/weddings-indian-languages/bengali/6250/04.jpg,https://s3.amazonaws.com/nets213-hw5/weddings-indian-languages/tamil/7467/05.jpg,https://s3.amazonaws.com/nets213-hw5/weddings-indian-languages/gujarati/7268/06.jpg,https://s3.amazonaws.com/nets213-hw5/weddings-indian-languages/hindi/7500/07.jpg,https://s3.amazonaws.com/nets213-hw5/weddings-indian-languages/bengali/6287/08.jpg,https://s3.amazonaws.com/nets213-hw5/weddings-indian-languages/telugu/8084/09.jpg,https://s3.amazonaws.com/nets213-hw5/weddings-indian-languages/telugu/8085/10.jpg,https://s3.amazonaws.com/nets213-hw5/weddings-indian-languages/gujarati/7266/11.jpg,https://s3.amazonaws.com/nets213-hw5/weddings-indian-languages/telugu/8084/12.jpg
https://s3.amazonaws.com/nets213-hw5/weddings-indian-languages/tamil/5060/01.jpg,https://s3.amazonaws.com/nets213-hw5/weddings-indian-languages/malayalam/8574/02.jpg,https://s3.amazonaws.com/nets213-hw5/weddings-indian-languages/bengali/6250/03.jpg,https://s3.amazonaws.com/nets213-hw5/weddings-indian-languages/hindi/7246/04.jpg,https://s3.amazonaws.com/nets213-hw5/weddings-indian-languages/bengali/6253/05.jpg,https://s3.amazonaws.com/nets213-hw5/weddings-indian-languages/telugu/5153/06.jpg,https://s3.amazonaws.com/nets213-hw5/weddings-european-language/spanish/1053/07.jpg,https://s3.amazonaws.com/nets213-hw5/weddings-european-language/spanish/5763/08.jpg,https://s3.amazonaws.com/nets213-hw5/weddings-indian-languages/tamil/5058/09.jpg,https://s3.amazonaws.com/nets213-hw5/weddings-indian-languages/tamil/2923/10.jpg,https://s3.amazonaws.com/nets213-hw5/weddings-indian-languages/tamil/7467/11.jpg,https://s3.amazonaws.com/nets213-hw5/weddings-indian-languages/bengali/6287/12.jpg
https://s3.amazonaws.com/nets213-hw5/weddings-indian-languages/hindi/7246/01.jpg,https://s3.amazonaws.com/nets213-hw5/weddings-indian-languages/gujarati/7268/02.jpg,https://s3.amazonaws.com/nets213-hw5/weddings-indian-languages/telugu/5153/03.jpg,https://s3.amazonaws.com/nets213-hw5/weddings-european-language/spanish/1053/04.jpg,https://s3.amazonaws.com/nets213-hw5/weddings-indian-languages/telugu/8085/05.jpg,https://s3.amazonaws.com/nets213-hw5/weddings-indian-languages/marathi/7992/06.jpg,https://s3.amazonaws.com/nets213-hw5/weddings-indian-languages/telugu/5152/07.jpg,https://s3.amazonaws.com/nets213-hw5/weddings-indian-languages/telugu/1711/08.jpg,https://s3.amazonaws.com/nets213-hw5/weddings-indian-languages/marathi/7180/09.jpg,https://s3.amazonaws.com/nets213-hw5/weddings-indian-languages/marathi/7868/10.jpg,https://s3.amazonaws.com/nets213-hw5/weddings-indian-languages/bengali/6253/11.jpg,https://s3.amazonaws.com/nets213-hw5/weddings-indian-languages/hindi/8683/12.jpg
https://s3.amazonaws.com/nets213-hw5/weddings-indian-languages/hindi/7500/01.jpg,https://s3.amazonaws.com/nets213-hw5/weddings-indian-languages/marathi/7178/02.jpg,https://s3.amazonaws.com/nets213-hw5/weddings-indian-languages/tamil/7465/03.jpg,https://s3.amazonaws.com/nets213-hw5/weddings-indian-languages/tamil/5058/04.jpg,https://s3.amazonaws.com/nets213-hw5/weddings-european-language/spanish/1053/05.jpg,https://s3.amazonaws.com/nets213-hw5/weddings-indian-languages/punjabi/7899/06.jpg,https://s3.amazonaws.com/nets213-hw5/weddings-indian-languages/marathi/7178/07.jpg,https://s3.amazonaws.com/nets213-hw5/weddings-indian-languages/bengali/6252/08.jpg,https://s3.amazonaws.com/nets213-hw5/weddings-european-language/spanish/1319/09.jpg,https://s3.amazonaws.com/nets213-hw5/weddings-indian-languages/gujarati/7266/10.jpg,https://s3.amazonaws.com/nets213-hw5/weddings-european-language/spanish/5763/11.jpg,https://s3.amazonaws.com/nets213-hw5/weddings-indian-languages/gujarati/7948/12.jpg
https://s3.amazonaws.com/nets213-hw5/weddings-european-language/spanish/5763/01.jpg,https://s3.amazonaws.com/nets213-hw5/weddings-european-language/spanish/1334/02.jpg,https://s3.amazonaws.com/nets213-hw5/weddings-indian-languages/gujarati/7266/03.jpg,https://s3.amazonaws.com/nets213-hw5/weddings-indian-languages/punjabi/7899/04.jpg,https://s3.amazonaws.com/nets213-hw5/weddings-european-language/spanish/1054/05.jpg,https://s3.amazonaws.com/nets213-hw5/weddings-indian-languages/bengali/6286/06.jpg,https://s3.amazonaws.com/nets213-hw5/weddings-indian-languages/bengali/6251/07.jpg,https://s3.amazonaws.com/nets213-hw5/weddings-indian-languages/tamil/5058/08.jpg,https://s3.amazonaws.com/nets213-hw5/weddings-indian-languages/bengali/6253/09.jpg,https://s3.amazonaws.com/nets213-hw5/weddings-indian-languages/gujarati/7948/10.jpg,https://s3.amazonaws.com/nets213-hw5/weddings-indian-languages/tamil/7465/11.jpg,https://s3.amazonaws.com/nets213-hw5/weddings-indian-languages/telugu/8087/12.jpg
https://s3.amazonaws.com/nets213-hw5/weddings-indian-languages/bengali/6252/01.jpg,https://s3.amazonaws.com/nets213-hw5/weddings-indian-languages/telugu/1711/02.jpg,https://s3.amazonaws.com/nets213-hw5/weddings-indian-languages/gujarati/7948/03.jpg,https://s3.amazonaws.com/nets213-hw5/weddings-indian-languages/malayalam/2320/04.jpg,https://s3.amazonaws.com/nets213-hw5/weddings-indian-languages/marathi/7180/05.jpg,https://s3.amazonaws.com/nets213-hw5/weddings-indian-languages/marathi/7178/06.jpg,https://s3.amazonaws.com/nets213-hw5/weddings-indian-languages/hindi/8683/07.jpg,https://s3.amazonaws.com/nets213-hw5/weddings-european-language/spanish/1053/08.jpg,https://s3.amazonaws.com/nets213-hw5/weddings-european-language/spanish/1334/09.jpg,https://s3.amazonaws.com/nets213-hw5/weddings-indian-languages/telugu/8086/10.jpg,https://s3.amazonaws.com/nets213-hw5/weddings-indian-languages/telugu/8086/11.jpg,https://s3.amazonaws.com/nets213-hw5/weddings-indian-languages/marathi/7992/12.jpg
https://s3.amazonaws.com/nets213-hw5/weddings-indian-languages/punjabi/7899/01.jpg,https://s3.amazonaws.com/nets213-hw5/weddings-indian-languages/gujarati/7267/02.jpg,https://s3.amazonaws.com/nets213-hw5/weddings-indian-languages/telugu/5152/03.jpg,https://s3.amazonaws.com/nets213-hw5/weddings-indian-languages/telugu/8085/04.jpg,https://s3.amazonaws.com/nets213-hw5/weddings-indian-languages/marathi/7992/05.jpg,https://s3.amazonaws.com/nets213-hw5/weddings-indian-languages/bengali/6287/06.jpg,https://s3.amazonaws.com/nets213-hw5/weddings-indian-languages/telugu/8087/07.jpg,https://s3.amazonaws.com/nets213-hw5/weddings-indian-languages/bengali/6250/08.jpg,https://s3.amazonaws.com/nets213-hw5/weddings-indian-languages/marathi/7868/09.jpg,https://s3.amazonaws.com/nets213-hw5/weddings-indian-languages/bengali/6287/10.jpg,https://s3.amazonaws.com/nets213-hw5/weddings-indian-languages/marathi/7868/11.jpg,https://s3.amazonaws.com/nets213-hw5/weddings-indian-languages/malayalam/8572/12.jpg
https://s3.amazonaws.com/nets213-hw5/weddings-indian-languages/telugu/5152/01.jpg,https://s3.amazonaws.com/nets213-hw5/weddings-indian-languages/marathi/7179/02.jpg,https://s3.amazonaws.com/nets213-hw5/weddings-indian-languages/tamil/2923/03.jpg,https://s3.amazonaws.com/nets213-hw5/weddings-european-language/spanish/1054/04.jpg,https://s3.amazonaws.com/nets213-hw5/weddings-indian-languages/bengali/6252/05.jpg,https://s3.amazonaws.com/nets213-hw5/weddings-indian-languages/marathi/7179/06.jpg,https://s3.amazonaws.com/nets213-hw5/weddings-indian-languages/tamil/5058/07.jpg,https://s3.amazonaws.com/nets213-hw5/weddings-indian-languages/telugu/5153/08.jpg,https://s3.amazonaws.com/nets213-hw5/weddings-indian-languages/punjabi/7900/09.jpg,https://s3.amazonaws.com/nets213-hw5/weddings-indian-languages/telugu/1711/10.jpg,https://s3.amazonaws.com/nets213-hw5/weddings-european-language/spanish/5762/11.jpg,https://s3.amazonaws.com/nets213-hw5/weddings-indian-languages/tamil/7467/12.jpg
https://s3.amazonaws.com/nets213-hw5/weddings-indian-languages/bengali/6253/01.jpg,https://s3.amazonaws.com/nets213-hw5/weddings-indian-languages/tamil/2923/02.jpg,https://s3.amazonaws.com/nets213-hw5/weddings-european-language/spanish/1054/03.jpg,https://s3.amazonaws.com/nets213-hw5/weddings-indian-languages/bengali/6251/04.jpg,https://s3.amazonaws.com/nets213-hw5/weddings-indian-languages/punjabi/7900/05.jpg,https://s3.amazonaws.com/nets213-hw5/weddings-indian-languages/tamil/2924/06.jpg,https://s3.amazonaws.com/nets213-hw5/weddings-indian-languages/tamil/5057/07.jpg,https://s3.amazonaws.com/nets213-hw5/weddings-indian-languages/tamil/2924/08.jpg,https://s3.amazonaws.com/nets213-hw5/weddings-european-language/spanish/1053/09.jpg,https://s3.amazonaws.com/nets213-hw5/weddings-european-language/spanish/5763/10.jpg,https://s3.amazonaws.com/nets213-hw5/weddings-indian-languages/gujarati/7948/11.jpg,https://s3.amazonaws.com/nets213-hw5/weddings-indian-languages/tamil/5057/12.jpg
https://s3.amazonaws.com/nets213-hw5/weddings-indian-languages/malayalam/8574/01.jpg,https://s3.amazonaws.com/nets213-hw5/weddings-indian-languages/tamil/7467/02.jpg,https://s3.amazonaws.com/nets213-hw5/weddings-european-language/spanish/5763/03.jpg,https://s3.amazonaws.com/nets213-hw5/weddings-indian-languages/tamil/5060/04.jpg,https://s3.amazonaws.com/nets213-hw5/weddings-european-language/spanish/5762/05.jpg,https://s3.amazonaws.com/nets213-hw5/weddings-indian-languages/tamil/7468/06.jpg,https://s3.amazonaws.com/nets213-hw5/weddings-indian-languages/telugu/1710/07.jpg,https://s3.amazonaws.com/nets213-hw5/weddings-indian-languages/tamil/7465/08.jpg,https://s3.amazonaws.com/nets213-hw5/weddings-indian-languages/telugu/8087/09.jpg,https://s3.amazonaws.com/nets213-hw5/weddings-indian-languages/bengali/6250/10.jpg,https://s3.amazonaws.com/nets213-hw5/weddings-indian-languages/malayalam/8574/11.jpg,https://s3.amazonaws.com/nets213-hw5/weddings-european-language/spanish/5762/12.jpg
https://s3.amazonaws.com/nets213-hw5/weddings-indian-languages/telugu/5153/01.jpg,https://s3.amazonaws.com/nets213-hw5/weddings-indian-languages/bengali/6251/02.jpg,https://s3.amazonaws.com/nets213-hw5/weddings-indian-languages/bengali/6287/03.jpg,https://s3.amazonaws.com/nets213-hw5/weddings-indian-languages/bengali/6252/04.jpg,https://s3.amazonaws.com/nets213-hw5/weddings-indian-languages/hindi/7246/05.jpg,https://s3.amazonaws.com/nets213-hw5/weddings-indian-languages/tamil/5057/06.jpg,https://s3.amazonaws.com/nets213-hw5/weddings-indian-languages/bengali/6250/07.jpg,https://s3.amazonaws.com/nets213-hw5/weddings-indian-languages/telugu/8087/08.jpg,https://s3.amazonaws.com/nets213-hw5/weddings-indian-languages/telugu/1710/09.jpg,https://s3.amazonaws.com/nets213-hw5/weddings-indian-languages/telugu/1710/10.jpg,https://s3.amazonaws.com/nets213-hw5/weddings-indian-languages/malayalam/8572/11.jpg,https://s3.amazonaws.com/nets213-hw5/weddings-european-language/spanish/1334/12.jpg
https://s3.amazonaws.com/nets213-hw5/weddings-indian-languages/gujarati/7267/01.jpg,https://s3.amazonaws.com/nets213-hw5/weddings-indian-languages/hindi/8683/02.jpg,https://s3.amazonaws.com/nets213-hw5/weddings-indian-languages/telugu/8084/03.jpg,https://s3.amazonaws.com/nets213-hw5/weddings-indian-languages/tamil/5057/04.jpg,https://s3.amazonaws.com/nets213-hw5/weddings-indian-languages/malayalam/8574/05.jpg,https://s3.amazonaws.com/nets213-hw5/weddings-indian-languages/malayalam/8572/06.jpg,https://s3.amazonaws.com/nets213-hw5/weddings-indian-languages/tamil/7465/07.jpg,https://s3.amazonaws.com/nets213-hw5/weddings-indian-languages/malayalam/8573/08.jpg,https://s3.amazonaws.com/nets213-hw5/weddings-indian-languages/hindi/8683/09.jpg,https://s3.amazonaws.com/nets213-hw5/weddings-indian-languages/tamil/7468/10.jpg,https://s3.amazonaws.com/nets213-hw5/weddings-indian-languages/gujarati/7267/11.jpg,https://s3.amazonaws.com/nets213-hw5/weddings-indian-languages/telugu/5152/12.jpg
https://s3.amazonaws.com/nets213-hw5/weddings-indian-languages/gujarati/7266/01.jpg,https://s3.amazonaws.com/nets213-hw5/weddings-indian-languages/bengali/6287/02.jpg,https://s3.amazonaws.com/nets213-hw5/weddings-indian-languages/tamil/5060/03.jpg,https://s3.amazonaws.com/nets213-hw5/weddings-indian-languages/bengali/6253/04.jpg,https://s3.amazonaws.com/nets213-hw5/weddings-indian-languages/telugu/5153/05.jpg,https://s3.amazonaws.com/nets213-hw5/weddings-indian-languages/marathi/7868/06.jpg,https://s3.amazonaws.com/nets213-hw5/weddings-indian-languages/tamil/7467/07.jpg,https://s3.amazonaws.com/nets213-hw5/weddings-indian-languages/tamil/7468/08.jpg,https://s3.amazonaws.com/nets213-hw5/weddings-indian-languages/tamil/5057/09.jpg,https://s3.amazonaws.com/nets213-hw5/weddings-indian-languages/gujarati/7267/10.jpg,https://s3.amazonaws.com/nets213-hw5/weddings-indian-languages/malayalam/2320/11.jpg,https://s3.amazonaws.com/nets213-hw5/weddings-indian-languages/malayalam/8573/12.jpg
https://s3.amazonaws.com/nets213-hw5/weddings-indian-languages/telugu/5098/01.jpg,https://s3.amazonaws.com/nets213-hw5/weddings-indian-languages/telugu/8085/02.jpg,https://s3.amazonaws.com/nets213-hw5/weddings-indian-languages/marathi/7868/03.jpg,https://s3.amazonaws.com/nets213-hw5/weddings-indian-languages/malayalam/8573/04.jpg,https://s3.amazonaws.com/nets213-hw5/weddings-indian-languages/hindi/7500/05.jpg,https://s3.amazonaws.com/nets213-hw5/weddings-european-language/spanish/5763/06.jpg,https://s3.amazonaws.com/nets213-hw5/weddings-indian-languages/tamil/2923/07.jpg,https://s3.amazonaws.com/nets213-hw5/weddings-indian-languages/telugu/5154/08.jpg,https://s3.amazonaws.com/nets213-hw5/weddings-indian-languages/bengali/6250/09.jpg,https://s3.amazonaws.com/nets213-hw5/weddings-indian-languages/hindi/8683/10.jpg,https://s3.amazonaws.com/nets213-hw5/weddings-indian-languages/bengali/6287/11.jpg,https://s3.amazonaws.com/nets213-hw5/weddings-indian-languages/bengali/6250/12.jpg
https://s3.amazonaws.com/nets213-hw5/weddings-indian-languages/bengali/6250/01.jpg,https://s3.amazonaws.com/nets213-hw5/weddings-indian-languages/bengali/6253/02.jpg,https://s3.amazonaws.com/nets213-hw5/weddings-indian-languages/malayalam/8572/03.jpg,https://s3.amazonaws.com/nets213-hw5/weddings-european-language/spanish/5763/04.jpg,https://s3.amazonaws.com/nets213-hw5/weddings-indian-languages/bengali/6250/05.jpg,https://s3.amazonaws.com/nets213-hw5/weddings-indian-languages/bengali/6251/06.jpg,https://s3.amazonaws.com/nets213-hw5/weddings-indian-languages/tamil/2924/07.jpg,https://s3.amazonaws.com/nets213-hw5/weddings-indian-languages/bengali/6251/08.jpg,https://s3.amazonaws.com/nets213-hw5/weddings-indian-languages/telugu/5154/09.jpg,https://s3.amazonaws.com/nets213-hw5/weddings-indian-languages/hindi/7500/10.jpg,https://s3.amazonaws.com/nets213-hw5/weddings-indian-languages/telugu/8084/11.jpg,https://s3.amazonaws.com/nets213-hw5/weddings-indian-languages/telugu/1711/12.jpg
https://s3.amazonaws.com/nets213-hw5/weddings-indian-languages/telugu/1710/01.jpg,https://s3.amazonaws.com/nets213-hw5/weddings-indian-languages/gujarati/7266/02.jpg,https://s3.amazonaws.com/nets213-hw5/weddings-european-language/spanish/5762/03.jpg,https://s3.amazonaws.com/nets213-hw5/weddings-indian-languages/punjabi/7900/04.jpg,https://s3.amazonaws.com/nets213-hw5/weddings-indian-languages/gujarati/7268/05.jpg,https://s3.amazonaws.com/nets213-hw5/weddings-indian-languages/tamil/7467/06.jpg,https://s3.amazonaws.com/nets213-hw5/weddings-indian-languages/telugu/1711/07.jpg,https://s3.amazonaws.com/nets213-hw5/weddings-indian-languages/tamil/5060/08.jpg,https://s3.amazonaws.com/nets213-hw5/weddings-indian-languages/tamil/2923/09.jpg,https://s3.amazonaws.com/nets213-hw5/weddings-indian-languages/punjabi/7899/10.jpg,https://s3.amazonaws.com/nets213-hw5/weddings-indian-languages/telugu/8085/11.jpg,https://s3.amazonaws.com/nets213-hw5/weddings-indian-languages/marathi/7180/12.jpg
https://s3.amazonaws.com/nets213-hw5/weddings-indian-languages/bengali/6286/01.jpg,https://s3.amazonaws.com/nets213-hw5/weddings-indian-languages/bengali/6252/02.jpg,https://s3.amazonaws.com/nets213-hw5/weddings-indian-languages/gujarati/7267/03.jpg,https://s3.amazonaws.com/nets213-hw5/weddings-indian-languages/tamil/2924/04.jpg,https://s3.amazonaws.com/nets213-hw5/weddings-indian-languages/bengali/6287/05.jpg,https://s3.amazonaws.com/nets213-hw5/weddings-indian-languages/malayalam/2320/06.jpg,https://s3.amazonaws.com/nets213-hw5/weddings-indian-languages/marathi/7179/07.jpg,https://s3.amazonaws.com/nets213-hw5/weddings-indian-languages/telugu/5098/08.jpg,https://s3.amazonaws.com/nets213-hw5/weddings-indian-languages/malayalam/8574/09.jpg,https://s3.amazonaws.com/nets213-hw5/weddings-european-language/spanish/1054/10.jpg,https://s3.amazonaws.com/nets213-hw5/weddings-indian-languages/marathi/7178/11.jpg,https://s3.amazonaws.com/nets213-hw5/weddings-indian-languages/telugu/8086/12.jpg
https://s3.amazonaws.com/nets213-hw5/weddings-indian-languages/bengali/6251/01.jpg,https://s3.amazonaws.com/nets213-hw5/weddings-indian-languages/tamil/7465/02.jpg,https://s3.amazonaws.com/nets213-hw5/weddings-indian-languages/tamil/7468/03.jpg,https://s3.amazonaws.com/nets213-hw5/weddings-indian-languages/marathi/7180/04.jpg,https://s3.amazonaws.com/nets213-hw5/weddings-indian-languages/malayalam/2320/05.jpg,https://s3.amazonaws.com/nets213-hw5/weddings-indian-languages/hindi/7500/06.jpg,https://s3.amazonaws.com/nets213-hw5/weddings-indian-languages/bengali/6252/07.jpg,https://s3.amazonaws.com/nets213-hw5/weddings-indian-languages/tamil/2923/08.jpg,https://s3.amazonaws.com/nets213-hw5/weddings-indian-languages/malayalam/8572/09.jpg,https://s3.amazonaws.com/nets213-hw5/weddings-indian-languages/marathi/7179/10.jpg,https://s3.amazonaws.com/nets213-hw5/weddings-indian-languages/hindi/8683/11.jpg,https://s3.amazonaws.com/nets213-hw5/weddings-indian-languages/marathi/7868/12.jpg
https://s3.amazonaws.com/nets213-hw5/weddings-indian-languages/marathi/7180/01.jpg,https://s3.amazonaws.com/nets213-hw5/weddings-indian-languages/telugu/8087/02.jpg,https://s3.amazonaws.com/nets213-hw5/weddings-indian-languages/telugu/8085/03.jpg,https://s3.amazonaws.com/nets213-hw5/weddings-indian-languages/gujarati/7266/04.jpg,https://s3.amazonaws.com/nets213-hw5/weddings-indian-languages/telugu/8084/05.jpg,https://s3.amazonaws.com/nets213-hw5/weddings-indian-languages/bengali/6252/06.jpg,https://s3.amazonaws.com/nets213-hw5/weddings-indian-languages/malayalam/2320/07.jpg,https://s3.amazonaws.com/nets213-hw5/weddings-indian-languages/marathi/7868/08.jpg,https://s3.amazonaws.com/nets213-hw5/weddings-european-language/spanish/5763/09.jpg,https://s3.amazonaws.com/nets213-hw5/weddings-indian-languages/telugu/8084/10.jpg,https://s3.amazonaws.com/nets213-hw5/weddings-indian-languages/telugu/5153/11.jpg,https://s3.amazonaws.com/nets213-hw5/weddings-indian-languages/punjabi/7900/12.jpg
https://s3.amazonaws.com/nets213-hw5/weddings-indian-languages/telugu/8086/01.jpg,https://s3.amazonaws.com/nets213-hw5/weddings-european-language/spanish/1319/02.jpg,https://s3.amazonaws.com/nets213-hw5/weddings-indian-languages/marathi/7178/03.jpg,https://s3.amazonaws.com/nets213-hw5/weddings-indian-languages/telugu/5152/04.jpg,https://s3.amazonaws.com/nets213-hw5/weddings-european-language/spanish/1319/05.jpg,https://s3.amazonaws.com/nets213-hw5/weddings-european-language/spanish/1334/06.jpg,https://s3.amazonaws.com/nets213-hw5/weddings-indian-languages/gujarati/7948/07.jpg,https://s3.amazonaws.com/nets213-hw5/weddings-indian-languages/hindi/7246/08.jpg,https://s3.amazonaws.com/nets213-hw5/weddings-indian-languages/hindi/7246/09.jpg,https://s3.amazonaws.com/nets213-hw5/weddings-indian-languages/telugu/5154/10.jpg,https://s3.amazonaws.com/nets213-hw5/weddings-european-language/spanish/1054/11.jpg,https://s3.amazonaws.com/nets213-hw5/weddings-indian-languages/tamil/2923/12.jpg
https://s3.amazonaws.com/nets213-hw5/weddings-european-language/spanish/5762/01.jpg,https://s3.amazonaws.com/nets213-hw5/weddings-indian-languages/tamil/7468/02.jpg,https://s3.amazonaws.com/nets213-hw5/weddings-indian-languages/bengali/6252/03.jpg,https://s3.amazonaws.com/nets213-hw5/weddings-indian-languages/gujarati/7268/04.jpg,https://s3.amazonaws.com/nets213-hw5/weddings-indian-languages/telugu/8086/05.jpg,https://s3.amazonaws.com/nets213-hw5/weddings-indian-languages/telugu/8084/06.jpg,https://s3.amazonaws.com/nets213-hw5/weddings-indian-languages/telugu/5153/07.jpg,https://s3.amazonaws.com/nets213-hw5/weddings-indian-languages/marathi/7178/08.jpg,https://s3.amazonaws.com/nets213-hw5/weddings-indian-languages/marathi/7992/09.jpg,https://s3.amazonaws.com/nets213-hw5/weddings-indian-languages/marathi/7180/10.jpg,https://s3.amazonaws.com/nets213-hw5/weddings-european-language/spanish/1334/11.jpg,https://s3.amazonaws.com/nets213-hw5/weddings-european-language/spanish/5763/12.jpg
https://s3.amazonaws.com/nets213-hw5/weddings-indian-languages/marathi/7868/01.jpg,https://s3.amazonaws.com/nets213-hw5/weddings-indian-languages/punjabi/7900/02.jpg,https://s3.amazonaws.com/nets213-hw5/weddings-indian-languages/hindi/8683/03.jpg,https://s3.amazonaws.com/nets213-hw5/weddings-indian-languages/malayalam/8574/04.jpg,https://s3.amazonaws.com/nets213-hw5/weddings-indian-languages/hindi/8683/05.jpg,https://s3.amazonaws.com/nets213-hw5/weddings-indian-languages/gujarati/7948/06.jpg,https://s3.amazonaws.com/nets213-hw5/weddings-indian-languages/punjabi/7899/07.jpg,https://s3.amazonaws.com/nets213-hw5/weddings-indian-languages/gujarati/7948/08.jpg,https://s3.amazonaws.com/nets213-hw5/weddings-indian-languages/hindi/7500/09.jpg,https://s3.amazonaws.com/nets213-hw5/weddings-indian-languages/tamil/7465/10.jpg,https://s3.amazonaws.com/nets213-hw5/weddings-indian-languages/telugu/1710/11.jpg,https://s3.amazonaws.com/nets213-hw5/weddings-indian-languages/bengali/6253/12.jpg
https://s3.amazonaws.com/nets213-hw5/weddings-indian-languages/tamil/7468/01.jpg,https://s3.amazonaws.com/nets213-hw5/weddings-indian-languages/telugu/5098/02.jpg,https://s3.amazonaws.com/nets213-hw5/weddings-indian-languages/marathi/7179/03.jpg,https://s3.amazonaws.com/nets213-hw5/weddings-indian-languages/bengali/6287/04.jpg,https://s3.amazonaws.com/nets213-hw5/weddings-indian-languages/tamil/2923/05.jpg,https://s3.amazonaws.com/nets213-hw5/weddings-indian-languages/hindi/8683/06.jpg,https://s3.amazonaws.com/nets213-hw5/weddings-indian-languages/gujarati/7268/07.jpg,https://s3.amazonaws.com/nets213-hw5/weddings-indian-languages/tamil/5057/08.jpg,https://s3.amazonaws.com/nets213-hw5/weddings-indian-languages/gujarati/7266/09.jpg,https://s3.amazonaws.com/nets213-hw5/weddings-indian-languages/marathi/7178/10.jpg,https://s3.amazonaws.com/nets213-hw5/weddings-indian-languages/telugu/1711/11.jpg,https://s3.amazonaws.com/nets213-hw5/weddings-indian-languages/tamil/5058/12.jpg
https://s3.amazonaws.com/nets213-hw5/weddings-indian-languages/marathi/7178/01.jpg,https://s3.amazonaws.com/nets213-hw5/weddings-indian-languages/telugu/5154/02.jpg,https://s3.amazonaws.com/nets213-hw5/weddings-indian-languages/telugu/5098/03.jpg,https://s3.amazonaws.com/nets213-hw5/weddings-indian-languages/tamil/7465/04.jpg,https://s3.amazonaws.com/nets213-hw5/weddings-indian-languages/tamil/5058/05.jpg,https://s3.amazonaws.com/nets213-hw5/weddings-indian-languages/telugu/5152/06.jpg,https://s3.amazonaws.com/nets213-hw5/weddings-european-language/spanish/1054/07.jpg,https://s3.amazonaws.com/nets213-hw5/weddings-indian-languages/telugu/8086/08.jpg,https://s3.amazonaws.com/nets213-hw5/weddings-european-language/spanish/1054/09.jpg,https://s3.amazonaws.com/nets213-hw5/weddings-european-language/spanish/1053/10.jpg,https://s3.amazonaws.com/nets213-hw5/weddings-european-language/spanish/1053/11.jpg,https://s3.amazonaws.com/nets213-hw5/weddings-indian-languages/telugu/8085/12.jpg
https://s3.amazonaws.com/nets213-hw5/weddings-indian-languages/bengali/6287/01.jpg,https://s3.amazonaws.com/nets213-hw5/weddings-indian-languages/marathi/7868/02.jpg,https://s3.amazonaws.com/nets213-hw5/weddings-indian-languages/tamil/5057/03.jpg,https://s3.amazonaws.com/nets213-hw5/weddings-indian-languages/marathi/7179/04.jpg,https://s3.amazonaws.com/nets213-hw5/weddings-indian-languages/gujarati/7267/05.jpg,https://s3.amazonaws.com/nets213-hw5/weddings-indian-languages/telugu/5154/06.jpg,https://s3.amazonaws.com/nets213-hw5/weddings-indian-languages/hindi/7246/07.jpg,https://s3.amazonaws.com/nets213-hw5/weddings-indian-languages/marathi/7992/08.jpg,https://s3.amazonaws.com/nets213-hw5/weddings-indian-languages/bengali/6252/09.jpg,https://s3.amazonaws.com/nets213-hw5/weddings-indian-languages/tamil/2924/10.jpg,https://s3.amazonaws.com/nets213-hw5/weddings-indian-languages/bengali/6250/11.jpg,https://s3.amazonaws.com/nets213-hw5/weddings-indian-languages/gujarati/7266/12.jpg
https://s3.amazonaws.com/nets213-hw5/weddings-indian-languages/hindi/8683/01.jpg,https://s3.amazonaws.com/nets213-hw5/weddings-indian-languages/tamil/2924/02.jpg,https://s3.amazonaws.com/nets213-hw5/weddings-indian-languages/bengali/6286/03.jpg,https://s3.amazonaws.com/nets213-hw5/weddings-indian-languages/telugu/5098/04.jpg,https://s3.amazonaws.com/nets213-hw5/weddings-indian-languages/tamil/5057/05.jpg,https://s3.amazonaws.com/nets213-hw5/weddings-indian-languages/telugu/5098/06.jpg,https://s3.amazonaws.com/nets213-hw5/weddings-european-language/spanish/5762/07.jpg,https://s3.amazonaws.com/nets213-hw5/weddings-indian-languages/telugu/5152/08.jpg,https://s3.amazonaws.com/nets213-hw5/weddings-indian-languages/telugu/5098/09.jpg,https://s3.amazonaws.com/nets213-hw5/weddings-indian-languages/malayalam/8574/10.jpg,https://s3.amazonaws.com/nets213-hw5/weddings-indian-languages/telugu/8087/11.jpg,https://s3.amazonaws.com/nets213-hw5/weddings-indian-languages/punjabi/7899/12.jpg
https://s3.amazonaws.com/nets213-hw5/weddings-indian-languages/telugu/8084/01.jpg,https://s3.amazonaws.com/nets213-hw5/weddings-european-language/spanish/1053/02.jpg,https://s3.amazonaws.com/nets213-hw5/weddings-indian-languages/marathi/7180/03.jpg,https://s3.amazonaws.com/nets213-hw5/weddings-european-language/spanish/1334/04.jpg,https://s3.amazonaws.com/nets213-hw5/weddings-indian-languages/malayalam/8572/05.jpg,https://s3.amazonaws.com/nets213-hw5/weddings-european-language/spanish/1319/06.jpg,https://s3.amazonaws.com/nets213-hw5/weddings-indian-languages/bengali/6286/07.jpg,https://s3.amazonaws.com/nets213-hw5/weddings-indian-languages/hindi/7500/08.jpg,https://s3.amazonaws.com/nets213-hw5/weddings-indian-languages/gujarati/7948/09.jpg,https://s3.amazonaws.com/nets213-hw5/weddings-european-language/spanish/1334/10.jpg,https://s3.amazonaws.com/nets213-hw5/weddings-indian-languages/hindi/7246/11.jpg,https://s3.amazonaws.com/nets213-hw5/weddings-indian-languages/bengali/6286/12.jpg
https://s3.amazonaws.com/nets213-hw5/weddings-indian-languages/malayalam/8573/01.jpg,https://s3.amazonaws.com/nets213-hw5/weddings-european-language/spanish/5762/02.jpg,https://s3.amazonaws.com/nets213-hw5/weddings-indian-languages/telugu/8086/03.jpg,https://s3.amazonaws.com/nets213-hw5/weddings-indian-languages/telugu/8084/04.jpg,https://s3.amazonaws.com/nets213-hw5/weddings-indian-languages/tamil/5060/05.jpg,https://s3.amazonaws.com/nets213-hw5/weddings-indian-languages/telugu/8087/06.jpg,https://s3.amazonaws.com/nets213-hw5/weddings-indian-languages/marathi/7992/07.jpg,https://s3.amazonaws.com/nets213-hw5/weddings-indian-languages/gujarati/7266/08.jpg,https://s3.amazonaws.com/nets213-hw5/weddings-indian-languages/telugu/5153/09.jpg,https://s3.amazonaws.com/nets213-hw5/weddings-indian-languages/malayalam/8572/10.jpg,https://s3.amazonaws.com/nets213-hw5/weddings-indian-languages/tamil/2924/11.jpg,https://s3.amazonaws.com/nets213-hw5/weddings-indian-languages/tamil/2924/12.jpg
https://s3.amazonaws.com/nets213-hw5/weddings-indian-languages/malayalam/8572/01.jpg,https://s3.amazonaws.com/nets213-hw5/weddings-indian-languages/tamil/5058/02.jpg,https://s3.amazonaws.com/nets213-hw5/weddings-indian-languages/tamil/5058/03.jpg,https://s3.amazonaws.com/nets213-hw5/weddings-indian-languages/marathi/7992/04.jpg,https://s3.amazonaws.com/nets213-hw5/weddings-indian-languages/telugu/1710/05.jpg,https://s3.amazonaws.com/nets213-hw5/weddings-indian-languages/tamil/5060/06.jpg,https://s3.amazonaws.com/nets213-hw5/weddings-indian-languages/tamil/7468/07.jpg,https://s3.amazonaws.com/nets213-hw5/weddings-indian-languages/bengali/6253/08.jpg,https://s3.amazonaws.com/nets213-hw5/weddings-indian-languages/malayalam/8573/09.jpg,https://s3.amazonaws.com/nets213-hw5/weddings-european-language/spanish/1319/10.jpg,https://s3.amazonaws.com/nets213-hw5/weddings-indian-languages/marathi/7180/11.jpg,https://s3.amazonaws.com/nets213-hw5/weddings-indian-languages/telugu/1710/12.jpg
https://s3.amazonaws.com/nets213-hw5/weddings-indian-languages/gujarati/7948/01.jpg,https://s3.amazonaws.com/nets213-hw5/weddings-indian-languages/bengali/6286/02.jpg,https://s3.amazonaws.com/nets213-hw5/weddings-indian-languages/malayalam/8574/03.jpg,https://s3.amazonaws.com/nets213-hw5/weddings-indian-languages/telugu/5154/04.jpg,https://s3.amazonaws.com/nets213-hw5/weddings-indian-languages/telugu/5152/05.jpg,https://s3.amazonaws.com/nets213-hw5/weddings-indian-languages/bengali/6250/06.jpg,https://s3.amazonaws.com/nets213-hw5/weddings-indian-languages/malayalam/8574/07.jpg,https://s3.amazonaws.com/nets213-hw5/weddings-european-language/spanish/1319/08.jpg,https://s3.amazonaws.com/nets213-hw5/weddings-indian-languages/bengali/6287/09.jpg,https://s3.amazonaws.com/nets213-hw5/weddings-indian-languages/bengali/6253/10.jpg,https://s3.amazonaws.com/nets213-hw5/weddings-indian-languages/tamil/5057/11.jpg,https://s3.amazonaws.com/nets213-hw5/weddings-european-language/spanish/1054/12.jpg
https://s3.amazonaws.com/nets213-hw5/weddings-european-language/spanish/1319/01.jpg,https://s3.amazonaws.com/nets213-hw5/weddings-indian-languages/bengali/6250/02.jpg,https://s3.amazonaws.com/nets213-hw5/weddings-indian-languages/telugu/1711/03.jpg,https://s3.amazonaws.com/nets213-hw5/weddings-indian-languages/gujarati/7948/04.jpg,https://s3.amazonaws.com/nets213-hw5/weddings-european-language/spanish/5763/05.jpg,https://s3.amazonaws.com/nets213-hw5/weddings-indian-languages/tamil/2923/06.jpg,https://s3.amazonaws.com/nets213-hw5/weddings-european-language/spanish/5763/07.jpg,https://s3.amazonaws.com/nets213-hw5/weddings-indian-languages/telugu/1710/08.jpg,,https://s3.amazonaws.com/nets213-hw5/weddings-indian-languages/tamil/5058/10.jpg,https://s3.amazonaws.com/nets213-hw5/weddings-indian-languages/hindi/7500/11.jpg,https://s3.amazonaws.com/nets213-hw5/weddings-european-language/spanish/1319/12.jpg
https://s3.amazonaws.com/nets213-hw5/weddings-indian-languages/telugu/8085/01.jpg,https://s3.amazonaws.com/nets213-hw5/weddings-indian-languages/telugu/1710/02.jpg,https://s3.amazonaws.com/nets213-hw5/weddings-indian-languages/hindi/7500/03.jpg,,,https://s3.amazonaws.com/nets213-hw5/weddings-indian-languages/telugu/8086/06.jpg,,https://s3.amazonaws.com/nets213-hw5/weddings-european-language/spanish/1334/08.jpg,,https://s3.amazonaws.com/nets213-hw5/weddings-indian-languages/malayalam/2320/10.jpg,https://s3.amazonaws.com/nets213-hw5/weddings-indian-languages/telugu/5154/11.jpg,https://s3.amazonaws.com/nets213-hw5/weddings-indian-languages/malayalam/8574/12.jpg
,https://s3.amazonaws.com/nets213-hw5/weddings-indian-languages/marathi/7180/06.jpg,,,,https://s3.amazonaws.com/nets213-hw5/weddings-indian-languages/tamil/5057/10.jpg,https://s3.amazonaws.com/nets213-hw5/weddings-indian-languages/marathi/7992/11.jpg,,,,,